<?xml version="1.0" encoding="UTF-8"?>
<DEFECTS>
  <DEFECT>
    <SFA>
      <FILEPATH>c:\users\domowy\documents\visual studio 2015\projects\small_scale_assignment\small_scale_assignment\</FILEPATH>
      <FILENAME>mmio.cpp</FILENAME>
      <LINE>77</LINE>
      <COLUMN>14</COLUMN>
    </SFA>
    <DEFECTCODE>6031</DEFECTCODE>
    <DESCRIPTION>Return value ignored: 'fscanf'.</DESCRIPTION>
    <FUNCTION>mm_read_unsymmetric_sparse</FUNCTION>
    <DECORATED>?mm_read_unsymmetric_sparse@@YAHPEBDPEAH11PEAPEANPEAPEAH3@Z</DECORATED>
    <FUNCLINE>17</FUNCLINE>
    <PATH></PATH>
  </DEFECT>
  <DEFECT>
    <SFA>
      <FILEPATH>c:\users\domowy\documents\visual studio 2015\projects\small_scale_assignment\small_scale_assignment\</FILEPATH>
      <FILENAME>mmio.cpp</FILENAME>
      <LINE>77</LINE>
      <COLUMN>14</COLUMN>
    </SFA>
    <DEFECTCODE>6011</DEFECTCODE>
    <DESCRIPTION>Dereferencing NULL pointer 'matrixValue'. </DESCRIPTION>
    <FUNCTION>mm_read_unsymmetric_sparse</FUNCTION>
    <DECORATED>?mm_read_unsymmetric_sparse@@YAHPEBDPEAH11PEAPEANPEAPEAH3@Z</DECORATED>
    <FUNCLINE>17</FUNCLINE>
    <PROBABILITY>1</PROBABILITY>
    <RANK>4</RANK>
    <CATEGORY>
      <RULECATEGORY>mspft</RULECATEGORY>
    </CATEGORY>
    <PATH>
      <SFA>
        <FILEPATH>c:\users\domowy\documents\visual studio 2015\projects\small_scale_assignment\small_scale_assignment\</FILEPATH>
        <FILENAME>mmio.cpp</FILENAME>
        <LINE>20</LINE>
        <COLUMN>10</COLUMN>
      </SFA>
      <SFA>
        <FILEPATH>c:\users\domowy\documents\visual studio 2015\projects\small_scale_assignment\small_scale_assignment\</FILEPATH>
        <FILENAME>mmio.cpp</FILENAME>
        <LINE>21</LINE>
        <COLUMN>16</COLUMN>
      </SFA>
      <SFA>
        <FILEPATH>c:\users\domowy\documents\visual studio 2015\projects\small_scale_assignment\small_scale_assignment\</FILEPATH>
        <FILENAME>mmio.cpp</FILENAME>
        <LINE>22</LINE>
        <COLUMN>8</COLUMN>
      </SFA>
      <SFA>
        <FILEPATH>c:\users\domowy\documents\visual studio 2015\projects\small_scale_assignment\small_scale_assignment\</FILEPATH>
        <FILENAME>mmio.cpp</FILENAME>
        <LINE>22</LINE>
        <COLUMN>11</COLUMN>
      </SFA>
      <SFA>
        <FILEPATH>c:\users\domowy\documents\visual studio 2015\projects\small_scale_assignment\small_scale_assignment\</FILEPATH>
        <FILENAME>mmio.cpp</FILENAME>
        <LINE>22</LINE>
        <COLUMN>14</COLUMN>
      </SFA>
      <SFA>
        <FILEPATH>c:\users\domowy\documents\visual studio 2015\projects\small_scale_assignment\small_scale_assignment\</FILEPATH>
        <FILENAME>mmio.cpp</FILENAME>
        <LINE>23</LINE>
        <COLUMN>8</COLUMN>
      </SFA>
      <SFA>
        <FILEPATH>c:\users\domowy\documents\visual studio 2015\projects\small_scale_assignment\small_scale_assignment\</FILEPATH>
        <FILENAME>mmio.cpp</FILENAME>
        <LINE>24</LINE>
        <COLUMN>12</COLUMN>
      </SFA>
      <SFA>
        <FILEPATH>c:\users\domowy\documents\visual studio 2015\projects\small_scale_assignment\small_scale_assignment\</FILEPATH>
        <FILENAME>mmio.cpp</FILENAME>
        <LINE>25</LINE>
        <COLUMN>9</COLUMN>
      </SFA>
      <SFA>
        <FILEPATH>c:\users\domowy\documents\visual studio 2015\projects\small_scale_assignment\small_scale_assignment\</FILEPATH>
        <FILENAME>mmio.cpp</FILENAME>
        <LINE>25</LINE>
        <COLUMN>13</COLUMN>
      </SFA>
      <SFA>
        <FILEPATH>c:\users\domowy\documents\visual studio 2015\projects\small_scale_assignment\small_scale_assignment\</FILEPATH>
        <FILENAME>mmio.cpp</FILENAME>
        <LINE>27</LINE>
        <COLUMN>32</COLUMN>
      </SFA>
      <SFA>
        <FILEPATH>c:\users\domowy\documents\visual studio 2015\projects\small_scale_assignment\small_scale_assignment\</FILEPATH>
        <FILENAME>mmio.cpp</FILENAME>
        <LINE>31</LINE>
        <COLUMN>36</COLUMN>
      </SFA>
      <SFA>
        <FILEPATH>c:\users\domowy\documents\visual studio 2015\projects\small_scale_assignment\small_scale_assignment\</FILEPATH>
        <FILENAME>mmio.cpp</FILENAME>
        <LINE>40</LINE>
        <COLUMN>9</COLUMN>
      </SFA>
      <SFA>
        <FILEPATH>c:\users\domowy\documents\visual studio 2015\projects\small_scale_assignment\small_scale_assignment\</FILEPATH>
        <FILENAME>mmio.cpp</FILENAME>
        <LINE>51</LINE>
        <COLUMN>45</COLUMN>
      </SFA>
      <SFA>
        <FILEPATH>c:\users\domowy\documents\visual studio 2015\projects\small_scale_assignment\small_scale_assignment\</FILEPATH>
        <FILENAME>mmio.cpp</FILENAME>
        <LINE>57</LINE>
        <COLUMN>8</COLUMN>
      </SFA>
      <SFA>
        <FILEPATH>c:\users\domowy\documents\visual studio 2015\projects\small_scale_assignment\small_scale_assignment\</FILEPATH>
        <FILENAME>mmio.cpp</FILENAME>
        <LINE>58</LINE>
        <COLUMN>8</COLUMN>
      </SFA>
      <SFA>
        <FILEPATH>c:\users\domowy\documents\visual studio 2015\projects\small_scale_assignment\small_scale_assignment\</FILEPATH>
        <FILENAME>mmio.cpp</FILENAME>
        <LINE>59</LINE>
        <COLUMN>9</COLUMN>
      </SFA>
      <SFA>
        <FILEPATH>c:\users\domowy\documents\visual studio 2015\projects\small_scale_assignment\small_scale_assignment\</FILEPATH>
        <FILENAME>mmio.cpp</FILENAME>
        <LINE>63</LINE>
        <COLUMN>6</COLUMN>
      </SFA>
      <SFA>
        <FILEPATH>c:\users\domowy\documents\visual studio 2015\projects\small_scale_assignment\small_scale_assignment\</FILEPATH>
        <FILENAME>mmio.cpp</FILENAME>
        <LINE>64</LINE>
        <COLUMN>6</COLUMN>
      </SFA>
      <SFA>
        <FILEPATH>c:\users\domowy\documents\visual studio 2015\projects\small_scale_assignment\small_scale_assignment\</FILEPATH>
        <FILENAME>mmio.cpp</FILENAME>
        <LINE>65</LINE>
        <COLUMN>16</COLUMN>
        <KEYEVENT>
          <ID>1</ID>
          <KIND>declaration</KIND>
          <IMPORTANCE>Essential</IMPORTANCE>
          <MESSAGE>'matrixValue' may be NULL</MESSAGE>
        </KEYEVENT>
      </SFA>
      <SFA>
        <FILEPATH>c:\users\domowy\documents\visual studio 2015\projects\small_scale_assignment\small_scale_assignment\</FILEPATH>
        <FILENAME>mmio.cpp</FILENAME>
        <LINE>67</LINE>
        <COLUMN>10</COLUMN>
      </SFA>
      <SFA>
        <FILEPATH>c:\users\domowy\documents\visual studio 2015\projects\small_scale_assignment\small_scale_assignment\</FILEPATH>
        <FILENAME>mmio.cpp</FILENAME>
        <LINE>68</LINE>
        <COLUMN>8</COLUMN>
      </SFA>
      <SFA>
        <FILEPATH>c:\users\domowy\documents\visual studio 2015\projects\small_scale_assignment\small_scale_assignment\</FILEPATH>
        <FILENAME>mmio.cpp</FILENAME>
        <LINE>69</LINE>
        <COLUMN>8</COLUMN>
      </SFA>
      <SFA>
        <FILEPATH>c:\users\domowy\documents\visual studio 2015\projects\small_scale_assignment\small_scale_assignment\</FILEPATH>
        <FILENAME>mmio.cpp</FILENAME>
        <LINE>75</LINE>
        <COLUMN>10</COLUMN>
      </SFA>
      <SFA>
        <FILEPATH>c:\users\domowy\documents\visual studio 2015\projects\small_scale_assignment\small_scale_assignment\</FILEPATH>
        <FILENAME>mmio.cpp</FILENAME>
        <LINE>75</LINE>
        <COLUMN>15</COLUMN>
        <KEYEVENT>
          <ID>2</ID>
          <KIND>branch</KIND>
          <IMPORTANCE>Full</IMPORTANCE>
          <MESSAGE>Enter this loop, (assume 'i&lt;nz')</MESSAGE>
        </KEYEVENT>
      </SFA>
      <SFA>
        <FILEPATH>c:\users\domowy\documents\visual studio 2015\projects\small_scale_assignment\small_scale_assignment\</FILEPATH>
        <FILENAME>mmio.cpp</FILENAME>
        <LINE>77</LINE>
        <COLUMN>14</COLUMN>
        <KEYEVENT>
          <ID>3</ID>
          <KIND>usage</KIND>
          <IMPORTANCE>Essential</IMPORTANCE>
          <MESSAGE>'matrixValue' is dereferenced, but may still be NULL</MESSAGE>
        </KEYEVENT>
      </SFA>
    </PATH>
  </DEFECT>
  <DEFECT>
    <SFA>
      <FILEPATH>c:\users\domowy\documents\visual studio 2015\projects\small_scale_assignment\small_scale_assignment\</FILEPATH>
      <FILENAME>mmio.cpp</FILENAME>
      <LINE>77</LINE>
      <COLUMN>14</COLUMN>
    </SFA>
    <DEFECTCODE>6011</DEFECTCODE>
    <DESCRIPTION>Dereferencing NULL pointer 'J'. </DESCRIPTION>
    <FUNCTION>mm_read_unsymmetric_sparse</FUNCTION>
    <DECORATED>?mm_read_unsymmetric_sparse@@YAHPEBDPEAH11PEAPEANPEAPEAH3@Z</DECORATED>
    <FUNCLINE>17</FUNCLINE>
    <PROBABILITY>1</PROBABILITY>
    <RANK>4</RANK>
    <CATEGORY>
      <RULECATEGORY>mspft</RULECATEGORY>
    </CATEGORY>
    <PATH>
      <SFA>
        <FILEPATH>c:\users\domowy\documents\visual studio 2015\projects\small_scale_assignment\small_scale_assignment\</FILEPATH>
        <FILENAME>mmio.cpp</FILENAME>
        <LINE>20</LINE>
        <COLUMN>10</COLUMN>
      </SFA>
      <SFA>
        <FILEPATH>c:\users\domowy\documents\visual studio 2015\projects\small_scale_assignment\small_scale_assignment\</FILEPATH>
        <FILENAME>mmio.cpp</FILENAME>
        <LINE>21</LINE>
        <COLUMN>16</COLUMN>
      </SFA>
      <SFA>
        <FILEPATH>c:\users\domowy\documents\visual studio 2015\projects\small_scale_assignment\small_scale_assignment\</FILEPATH>
        <FILENAME>mmio.cpp</FILENAME>
        <LINE>22</LINE>
        <COLUMN>8</COLUMN>
      </SFA>
      <SFA>
        <FILEPATH>c:\users\domowy\documents\visual studio 2015\projects\small_scale_assignment\small_scale_assignment\</FILEPATH>
        <FILENAME>mmio.cpp</FILENAME>
        <LINE>22</LINE>
        <COLUMN>11</COLUMN>
      </SFA>
      <SFA>
        <FILEPATH>c:\users\domowy\documents\visual studio 2015\projects\small_scale_assignment\small_scale_assignment\</FILEPATH>
        <FILENAME>mmio.cpp</FILENAME>
        <LINE>22</LINE>
        <COLUMN>14</COLUMN>
      </SFA>
      <SFA>
        <FILEPATH>c:\users\domowy\documents\visual studio 2015\projects\small_scale_assignment\small_scale_assignment\</FILEPATH>
        <FILENAME>mmio.cpp</FILENAME>
        <LINE>23</LINE>
        <COLUMN>8</COLUMN>
      </SFA>
      <SFA>
        <FILEPATH>c:\users\domowy\documents\visual studio 2015\projects\small_scale_assignment\small_scale_assignment\</FILEPATH>
        <FILENAME>mmio.cpp</FILENAME>
        <LINE>24</LINE>
        <COLUMN>12</COLUMN>
      </SFA>
      <SFA>
        <FILEPATH>c:\users\domowy\documents\visual studio 2015\projects\small_scale_assignment\small_scale_assignment\</FILEPATH>
        <FILENAME>mmio.cpp</FILENAME>
        <LINE>25</LINE>
        <COLUMN>9</COLUMN>
      </SFA>
      <SFA>
        <FILEPATH>c:\users\domowy\documents\visual studio 2015\projects\small_scale_assignment\small_scale_assignment\</FILEPATH>
        <FILENAME>mmio.cpp</FILENAME>
        <LINE>25</LINE>
        <COLUMN>13</COLUMN>
      </SFA>
      <SFA>
        <FILEPATH>c:\users\domowy\documents\visual studio 2015\projects\small_scale_assignment\small_scale_assignment\</FILEPATH>
        <FILENAME>mmio.cpp</FILENAME>
        <LINE>27</LINE>
        <COLUMN>32</COLUMN>
      </SFA>
      <SFA>
        <FILEPATH>c:\users\domowy\documents\visual studio 2015\projects\small_scale_assignment\small_scale_assignment\</FILEPATH>
        <FILENAME>mmio.cpp</FILENAME>
        <LINE>31</LINE>
        <COLUMN>36</COLUMN>
      </SFA>
      <SFA>
        <FILEPATH>c:\users\domowy\documents\visual studio 2015\projects\small_scale_assignment\small_scale_assignment\</FILEPATH>
        <FILENAME>mmio.cpp</FILENAME>
        <LINE>40</LINE>
        <COLUMN>9</COLUMN>
      </SFA>
      <SFA>
        <FILEPATH>c:\users\domowy\documents\visual studio 2015\projects\small_scale_assignment\small_scale_assignment\</FILEPATH>
        <FILENAME>mmio.cpp</FILENAME>
        <LINE>51</LINE>
        <COLUMN>45</COLUMN>
      </SFA>
      <SFA>
        <FILEPATH>c:\users\domowy\documents\visual studio 2015\projects\small_scale_assignment\small_scale_assignment\</FILEPATH>
        <FILENAME>mmio.cpp</FILENAME>
        <LINE>57</LINE>
        <COLUMN>8</COLUMN>
      </SFA>
      <SFA>
        <FILEPATH>c:\users\domowy\documents\visual studio 2015\projects\small_scale_assignment\small_scale_assignment\</FILEPATH>
        <FILENAME>mmio.cpp</FILENAME>
        <LINE>58</LINE>
        <COLUMN>8</COLUMN>
      </SFA>
      <SFA>
        <FILEPATH>c:\users\domowy\documents\visual studio 2015\projects\small_scale_assignment\small_scale_assignment\</FILEPATH>
        <FILENAME>mmio.cpp</FILENAME>
        <LINE>59</LINE>
        <COLUMN>9</COLUMN>
      </SFA>
      <SFA>
        <FILEPATH>c:\users\domowy\documents\visual studio 2015\projects\small_scale_assignment\small_scale_assignment\</FILEPATH>
        <FILENAME>mmio.cpp</FILENAME>
        <LINE>63</LINE>
        <COLUMN>6</COLUMN>
      </SFA>
      <SFA>
        <FILEPATH>c:\users\domowy\documents\visual studio 2015\projects\small_scale_assignment\small_scale_assignment\</FILEPATH>
        <FILENAME>mmio.cpp</FILENAME>
        <LINE>64</LINE>
        <COLUMN>6</COLUMN>
        <KEYEVENT>
          <ID>1</ID>
          <KIND>declaration</KIND>
          <IMPORTANCE>Essential</IMPORTANCE>
          <MESSAGE>'J' may be NULL</MESSAGE>
        </KEYEVENT>
      </SFA>
      <SFA>
        <FILEPATH>c:\users\domowy\documents\visual studio 2015\projects\small_scale_assignment\small_scale_assignment\</FILEPATH>
        <FILENAME>mmio.cpp</FILENAME>
        <LINE>65</LINE>
        <COLUMN>16</COLUMN>
      </SFA>
      <SFA>
        <FILEPATH>c:\users\domowy\documents\visual studio 2015\projects\small_scale_assignment\small_scale_assignment\</FILEPATH>
        <FILENAME>mmio.cpp</FILENAME>
        <LINE>67</LINE>
        <COLUMN>10</COLUMN>
      </SFA>
      <SFA>
        <FILEPATH>c:\users\domowy\documents\visual studio 2015\projects\small_scale_assignment\small_scale_assignment\</FILEPATH>
        <FILENAME>mmio.cpp</FILENAME>
        <LINE>68</LINE>
        <COLUMN>8</COLUMN>
      </SFA>
      <SFA>
        <FILEPATH>c:\users\domowy\documents\visual studio 2015\projects\small_scale_assignment\small_scale_assignment\</FILEPATH>
        <FILENAME>mmio.cpp</FILENAME>
        <LINE>69</LINE>
        <COLUMN>8</COLUMN>
      </SFA>
      <SFA>
        <FILEPATH>c:\users\domowy\documents\visual studio 2015\projects\small_scale_assignment\small_scale_assignment\</FILEPATH>
        <FILENAME>mmio.cpp</FILENAME>
        <LINE>75</LINE>
        <COLUMN>10</COLUMN>
      </SFA>
      <SFA>
        <FILEPATH>c:\users\domowy\documents\visual studio 2015\projects\small_scale_assignment\small_scale_assignment\</FILEPATH>
        <FILENAME>mmio.cpp</FILENAME>
        <LINE>75</LINE>
        <COLUMN>15</COLUMN>
        <KEYEVENT>
          <ID>2</ID>
          <KIND>branch</KIND>
          <IMPORTANCE>Full</IMPORTANCE>
          <MESSAGE>Enter this loop, (assume 'i&lt;nz')</MESSAGE>
        </KEYEVENT>
      </SFA>
      <SFA>
        <FILEPATH>c:\users\domowy\documents\visual studio 2015\projects\small_scale_assignment\small_scale_assignment\</FILEPATH>
        <FILENAME>mmio.cpp</FILENAME>
        <LINE>77</LINE>
        <COLUMN>14</COLUMN>
        <KEYEVENT>
          <ID>3</ID>
          <KIND>usage</KIND>
          <IMPORTANCE>Essential</IMPORTANCE>
          <MESSAGE>'J' is dereferenced, but may still be NULL</MESSAGE>
        </KEYEVENT>
      </SFA>
    </PATH>
  </DEFECT>
  <DEFECT>
    <SFA>
      <FILEPATH>c:\users\domowy\documents\visual studio 2015\projects\small_scale_assignment\small_scale_assignment\</FILEPATH>
      <FILENAME>mmio.cpp</FILENAME>
      <LINE>77</LINE>
      <COLUMN>14</COLUMN>
    </SFA>
    <DEFECTCODE>6011</DEFECTCODE>
    <DESCRIPTION>Dereferencing NULL pointer 'I'. </DESCRIPTION>
    <FUNCTION>mm_read_unsymmetric_sparse</FUNCTION>
    <DECORATED>?mm_read_unsymmetric_sparse@@YAHPEBDPEAH11PEAPEANPEAPEAH3@Z</DECORATED>
    <FUNCLINE>17</FUNCLINE>
    <PROBABILITY>1</PROBABILITY>
    <RANK>4</RANK>
    <CATEGORY>
      <RULECATEGORY>mspft</RULECATEGORY>
    </CATEGORY>
    <PATH>
      <SFA>
        <FILEPATH>c:\users\domowy\documents\visual studio 2015\projects\small_scale_assignment\small_scale_assignment\</FILEPATH>
        <FILENAME>mmio.cpp</FILENAME>
        <LINE>20</LINE>
        <COLUMN>10</COLUMN>
      </SFA>
      <SFA>
        <FILEPATH>c:\users\domowy\documents\visual studio 2015\projects\small_scale_assignment\small_scale_assignment\</FILEPATH>
        <FILENAME>mmio.cpp</FILENAME>
        <LINE>21</LINE>
        <COLUMN>16</COLUMN>
      </SFA>
      <SFA>
        <FILEPATH>c:\users\domowy\documents\visual studio 2015\projects\small_scale_assignment\small_scale_assignment\</FILEPATH>
        <FILENAME>mmio.cpp</FILENAME>
        <LINE>22</LINE>
        <COLUMN>8</COLUMN>
      </SFA>
      <SFA>
        <FILEPATH>c:\users\domowy\documents\visual studio 2015\projects\small_scale_assignment\small_scale_assignment\</FILEPATH>
        <FILENAME>mmio.cpp</FILENAME>
        <LINE>22</LINE>
        <COLUMN>11</COLUMN>
      </SFA>
      <SFA>
        <FILEPATH>c:\users\domowy\documents\visual studio 2015\projects\small_scale_assignment\small_scale_assignment\</FILEPATH>
        <FILENAME>mmio.cpp</FILENAME>
        <LINE>22</LINE>
        <COLUMN>14</COLUMN>
      </SFA>
      <SFA>
        <FILEPATH>c:\users\domowy\documents\visual studio 2015\projects\small_scale_assignment\small_scale_assignment\</FILEPATH>
        <FILENAME>mmio.cpp</FILENAME>
        <LINE>23</LINE>
        <COLUMN>8</COLUMN>
      </SFA>
      <SFA>
        <FILEPATH>c:\users\domowy\documents\visual studio 2015\projects\small_scale_assignment\small_scale_assignment\</FILEPATH>
        <FILENAME>mmio.cpp</FILENAME>
        <LINE>24</LINE>
        <COLUMN>12</COLUMN>
      </SFA>
      <SFA>
        <FILEPATH>c:\users\domowy\documents\visual studio 2015\projects\small_scale_assignment\small_scale_assignment\</FILEPATH>
        <FILENAME>mmio.cpp</FILENAME>
        <LINE>25</LINE>
        <COLUMN>9</COLUMN>
      </SFA>
      <SFA>
        <FILEPATH>c:\users\domowy\documents\visual studio 2015\projects\small_scale_assignment\small_scale_assignment\</FILEPATH>
        <FILENAME>mmio.cpp</FILENAME>
        <LINE>25</LINE>
        <COLUMN>13</COLUMN>
      </SFA>
      <SFA>
        <FILEPATH>c:\users\domowy\documents\visual studio 2015\projects\small_scale_assignment\small_scale_assignment\</FILEPATH>
        <FILENAME>mmio.cpp</FILENAME>
        <LINE>27</LINE>
        <COLUMN>32</COLUMN>
      </SFA>
      <SFA>
        <FILEPATH>c:\users\domowy\documents\visual studio 2015\projects\small_scale_assignment\small_scale_assignment\</FILEPATH>
        <FILENAME>mmio.cpp</FILENAME>
        <LINE>31</LINE>
        <COLUMN>36</COLUMN>
      </SFA>
      <SFA>
        <FILEPATH>c:\users\domowy\documents\visual studio 2015\projects\small_scale_assignment\small_scale_assignment\</FILEPATH>
        <FILENAME>mmio.cpp</FILENAME>
        <LINE>40</LINE>
        <COLUMN>9</COLUMN>
      </SFA>
      <SFA>
        <FILEPATH>c:\users\domowy\documents\visual studio 2015\projects\small_scale_assignment\small_scale_assignment\</FILEPATH>
        <FILENAME>mmio.cpp</FILENAME>
        <LINE>51</LINE>
        <COLUMN>45</COLUMN>
      </SFA>
      <SFA>
        <FILEPATH>c:\users\domowy\documents\visual studio 2015\projects\small_scale_assignment\small_scale_assignment\</FILEPATH>
        <FILENAME>mmio.cpp</FILENAME>
        <LINE>57</LINE>
        <COLUMN>8</COLUMN>
      </SFA>
      <SFA>
        <FILEPATH>c:\users\domowy\documents\visual studio 2015\projects\small_scale_assignment\small_scale_assignment\</FILEPATH>
        <FILENAME>mmio.cpp</FILENAME>
        <LINE>58</LINE>
        <COLUMN>8</COLUMN>
      </SFA>
      <SFA>
        <FILEPATH>c:\users\domowy\documents\visual studio 2015\projects\small_scale_assignment\small_scale_assignment\</FILEPATH>
        <FILENAME>mmio.cpp</FILENAME>
        <LINE>59</LINE>
        <COLUMN>9</COLUMN>
      </SFA>
      <SFA>
        <FILEPATH>c:\users\domowy\documents\visual studio 2015\projects\small_scale_assignment\small_scale_assignment\</FILEPATH>
        <FILENAME>mmio.cpp</FILENAME>
        <LINE>63</LINE>
        <COLUMN>6</COLUMN>
        <KEYEVENT>
          <ID>1</ID>
          <KIND>declaration</KIND>
          <IMPORTANCE>Essential</IMPORTANCE>
          <MESSAGE>'I' may be NULL</MESSAGE>
        </KEYEVENT>
      </SFA>
      <SFA>
        <FILEPATH>c:\users\domowy\documents\visual studio 2015\projects\small_scale_assignment\small_scale_assignment\</FILEPATH>
        <FILENAME>mmio.cpp</FILENAME>
        <LINE>64</LINE>
        <COLUMN>6</COLUMN>
      </SFA>
      <SFA>
        <FILEPATH>c:\users\domowy\documents\visual studio 2015\projects\small_scale_assignment\small_scale_assignment\</FILEPATH>
        <FILENAME>mmio.cpp</FILENAME>
        <LINE>65</LINE>
        <COLUMN>16</COLUMN>
      </SFA>
      <SFA>
        <FILEPATH>c:\users\domowy\documents\visual studio 2015\projects\small_scale_assignment\small_scale_assignment\</FILEPATH>
        <FILENAME>mmio.cpp</FILENAME>
        <LINE>67</LINE>
        <COLUMN>10</COLUMN>
      </SFA>
      <SFA>
        <FILEPATH>c:\users\domowy\documents\visual studio 2015\projects\small_scale_assignment\small_scale_assignment\</FILEPATH>
        <FILENAME>mmio.cpp</FILENAME>
        <LINE>68</LINE>
        <COLUMN>8</COLUMN>
      </SFA>
      <SFA>
        <FILEPATH>c:\users\domowy\documents\visual studio 2015\projects\small_scale_assignment\small_scale_assignment\</FILEPATH>
        <FILENAME>mmio.cpp</FILENAME>
        <LINE>69</LINE>
        <COLUMN>8</COLUMN>
      </SFA>
      <SFA>
        <FILEPATH>c:\users\domowy\documents\visual studio 2015\projects\small_scale_assignment\small_scale_assignment\</FILEPATH>
        <FILENAME>mmio.cpp</FILENAME>
        <LINE>75</LINE>
        <COLUMN>10</COLUMN>
      </SFA>
      <SFA>
        <FILEPATH>c:\users\domowy\documents\visual studio 2015\projects\small_scale_assignment\small_scale_assignment\</FILEPATH>
        <FILENAME>mmio.cpp</FILENAME>
        <LINE>75</LINE>
        <COLUMN>15</COLUMN>
        <KEYEVENT>
          <ID>2</ID>
          <KIND>branch</KIND>
          <IMPORTANCE>Full</IMPORTANCE>
          <MESSAGE>Enter this loop, (assume 'i&lt;nz')</MESSAGE>
        </KEYEVENT>
      </SFA>
      <SFA>
        <FILEPATH>c:\users\domowy\documents\visual studio 2015\projects\small_scale_assignment\small_scale_assignment\</FILEPATH>
        <FILENAME>mmio.cpp</FILENAME>
        <LINE>77</LINE>
        <COLUMN>14</COLUMN>
        <KEYEVENT>
          <ID>3</ID>
          <KIND>usage</KIND>
          <IMPORTANCE>Essential</IMPORTANCE>
          <MESSAGE>'I' is dereferenced, but may still be NULL</MESSAGE>
        </KEYEVENT>
      </SFA>
    </PATH>
  </DEFECT>
  <DEFECT>
    <SFA>
      <FILEPATH>c:\users\domowy\documents\visual studio 2015\projects\small_scale_assignment\small_scale_assignment\</FILEPATH>
      <FILENAME>mmio.cpp</FILENAME>
      <LINE>78</LINE>
      <COLUMN>12</COLUMN>
    </SFA>
    <DEFECTCODE>6385</DEFECTCODE>
    <DESCRIPTION>Reading invalid data from 'I':  the readable size is 'nz*sizeof(int)' bytes, but '8' bytes may be read.</DESCRIPTION>
    <FUNCTION>mm_read_unsymmetric_sparse</FUNCTION>
    <DECORATED>?mm_read_unsymmetric_sparse@@YAHPEBDPEAH11PEAPEANPEAPEAH3@Z</DECORATED>
    <FUNCLINE>17</FUNCLINE>
    <PROBABILITY>1</PROBABILITY>
    <RANK>4</RANK>
    <CATEGORY>
      <RULECATEGORY>mspft</RULECATEGORY>
    </CATEGORY>
    <PATH>
      <SFA>
        <FILEPATH>c:\users\domowy\documents\visual studio 2015\projects\small_scale_assignment\small_scale_assignment\</FILEPATH>
        <FILENAME>mmio.cpp</FILENAME>
        <LINE>20</LINE>
        <COLUMN>10</COLUMN>
      </SFA>
      <SFA>
        <FILEPATH>c:\users\domowy\documents\visual studio 2015\projects\small_scale_assignment\small_scale_assignment\</FILEPATH>
        <FILENAME>mmio.cpp</FILENAME>
        <LINE>21</LINE>
        <COLUMN>16</COLUMN>
      </SFA>
      <SFA>
        <FILEPATH>c:\users\domowy\documents\visual studio 2015\projects\small_scale_assignment\small_scale_assignment\</FILEPATH>
        <FILENAME>mmio.cpp</FILENAME>
        <LINE>22</LINE>
        <COLUMN>8</COLUMN>
      </SFA>
      <SFA>
        <FILEPATH>c:\users\domowy\documents\visual studio 2015\projects\small_scale_assignment\small_scale_assignment\</FILEPATH>
        <FILENAME>mmio.cpp</FILENAME>
        <LINE>22</LINE>
        <COLUMN>11</COLUMN>
      </SFA>
      <SFA>
        <FILEPATH>c:\users\domowy\documents\visual studio 2015\projects\small_scale_assignment\small_scale_assignment\</FILEPATH>
        <FILENAME>mmio.cpp</FILENAME>
        <LINE>22</LINE>
        <COLUMN>14</COLUMN>
      </SFA>
      <SFA>
        <FILEPATH>c:\users\domowy\documents\visual studio 2015\projects\small_scale_assignment\small_scale_assignment\</FILEPATH>
        <FILENAME>mmio.cpp</FILENAME>
        <LINE>23</LINE>
        <COLUMN>8</COLUMN>
      </SFA>
      <SFA>
        <FILEPATH>c:\users\domowy\documents\visual studio 2015\projects\small_scale_assignment\small_scale_assignment\</FILEPATH>
        <FILENAME>mmio.cpp</FILENAME>
        <LINE>24</LINE>
        <COLUMN>12</COLUMN>
      </SFA>
      <SFA>
        <FILEPATH>c:\users\domowy\documents\visual studio 2015\projects\small_scale_assignment\small_scale_assignment\</FILEPATH>
        <FILENAME>mmio.cpp</FILENAME>
        <LINE>25</LINE>
        <COLUMN>9</COLUMN>
      </SFA>
      <SFA>
        <FILEPATH>c:\users\domowy\documents\visual studio 2015\projects\small_scale_assignment\small_scale_assignment\</FILEPATH>
        <FILENAME>mmio.cpp</FILENAME>
        <LINE>25</LINE>
        <COLUMN>13</COLUMN>
      </SFA>
      <SFA>
        <FILEPATH>c:\users\domowy\documents\visual studio 2015\projects\small_scale_assignment\small_scale_assignment\</FILEPATH>
        <FILENAME>mmio.cpp</FILENAME>
        <LINE>27</LINE>
        <COLUMN>32</COLUMN>
      </SFA>
      <SFA>
        <FILEPATH>c:\users\domowy\documents\visual studio 2015\projects\small_scale_assignment\small_scale_assignment\</FILEPATH>
        <FILENAME>mmio.cpp</FILENAME>
        <LINE>31</LINE>
        <COLUMN>36</COLUMN>
      </SFA>
      <SFA>
        <FILEPATH>c:\users\domowy\documents\visual studio 2015\projects\small_scale_assignment\small_scale_assignment\</FILEPATH>
        <FILENAME>mmio.cpp</FILENAME>
        <LINE>40</LINE>
        <COLUMN>9</COLUMN>
      </SFA>
      <SFA>
        <FILEPATH>c:\users\domowy\documents\visual studio 2015\projects\small_scale_assignment\small_scale_assignment\</FILEPATH>
        <FILENAME>mmio.cpp</FILENAME>
        <LINE>51</LINE>
        <COLUMN>45</COLUMN>
      </SFA>
      <SFA>
        <FILEPATH>c:\users\domowy\documents\visual studio 2015\projects\small_scale_assignment\small_scale_assignment\</FILEPATH>
        <FILENAME>mmio.cpp</FILENAME>
        <LINE>57</LINE>
        <COLUMN>8</COLUMN>
      </SFA>
      <SFA>
        <FILEPATH>c:\users\domowy\documents\visual studio 2015\projects\small_scale_assignment\small_scale_assignment\</FILEPATH>
        <FILENAME>mmio.cpp</FILENAME>
        <LINE>58</LINE>
        <COLUMN>8</COLUMN>
      </SFA>
      <SFA>
        <FILEPATH>c:\users\domowy\documents\visual studio 2015\projects\small_scale_assignment\small_scale_assignment\</FILEPATH>
        <FILENAME>mmio.cpp</FILENAME>
        <LINE>59</LINE>
        <COLUMN>9</COLUMN>
      </SFA>
      <SFA>
        <FILEPATH>c:\users\domowy\documents\visual studio 2015\projects\small_scale_assignment\small_scale_assignment\</FILEPATH>
        <FILENAME>mmio.cpp</FILENAME>
        <LINE>63</LINE>
        <COLUMN>6</COLUMN>
        <KEYEVENT>
          <ID>1</ID>
          <KIND>declaration</KIND>
          <IMPORTANCE>Essential</IMPORTANCE>
          <MESSAGE>'I' is a 0 byte array</MESSAGE>
        </KEYEVENT>
      </SFA>
      <SFA>
        <FILEPATH>c:\users\domowy\documents\visual studio 2015\projects\small_scale_assignment\small_scale_assignment\</FILEPATH>
        <FILENAME>mmio.cpp</FILENAME>
        <LINE>64</LINE>
        <COLUMN>6</COLUMN>
      </SFA>
      <SFA>
        <FILEPATH>c:\users\domowy\documents\visual studio 2015\projects\small_scale_assignment\small_scale_assignment\</FILEPATH>
        <FILENAME>mmio.cpp</FILENAME>
        <LINE>65</LINE>
        <COLUMN>16</COLUMN>
      </SFA>
      <SFA>
        <FILEPATH>c:\users\domowy\documents\visual studio 2015\projects\small_scale_assignment\small_scale_assignment\</FILEPATH>
        <FILENAME>mmio.cpp</FILENAME>
        <LINE>67</LINE>
        <COLUMN>10</COLUMN>
      </SFA>
      <SFA>
        <FILEPATH>c:\users\domowy\documents\visual studio 2015\projects\small_scale_assignment\small_scale_assignment\</FILEPATH>
        <FILENAME>mmio.cpp</FILENAME>
        <LINE>68</LINE>
        <COLUMN>8</COLUMN>
      </SFA>
      <SFA>
        <FILEPATH>c:\users\domowy\documents\visual studio 2015\projects\small_scale_assignment\small_scale_assignment\</FILEPATH>
        <FILENAME>mmio.cpp</FILENAME>
        <LINE>69</LINE>
        <COLUMN>8</COLUMN>
      </SFA>
      <SFA>
        <FILEPATH>c:\users\domowy\documents\visual studio 2015\projects\small_scale_assignment\small_scale_assignment\</FILEPATH>
        <FILENAME>mmio.cpp</FILENAME>
        <LINE>75</LINE>
        <COLUMN>10</COLUMN>
      </SFA>
      <SFA>
        <FILEPATH>c:\users\domowy\documents\visual studio 2015\projects\small_scale_assignment\small_scale_assignment\</FILEPATH>
        <FILENAME>mmio.cpp</FILENAME>
        <LINE>75</LINE>
        <COLUMN>15</COLUMN>
        <KEYEVENT>
          <ID>2</ID>
          <KIND>branch</KIND>
          <IMPORTANCE>Full</IMPORTANCE>
          <MESSAGE>Enter this loop, (assume 'i&lt;nz')</MESSAGE>
        </KEYEVENT>
      </SFA>
      <SFA>
        <FILEPATH>c:\users\domowy\documents\visual studio 2015\projects\small_scale_assignment\small_scale_assignment\</FILEPATH>
        <FILENAME>mmio.cpp</FILENAME>
        <LINE>77</LINE>
        <COLUMN>14</COLUMN>
      </SFA>
      <SFA>
        <FILEPATH>c:\users\domowy\documents\visual studio 2015\projects\small_scale_assignment\small_scale_assignment\</FILEPATH>
        <FILENAME>mmio.cpp</FILENAME>
        <LINE>78</LINE>
        <COLUMN>12</COLUMN>
      </SFA>
      <SFA>
        <FILEPATH>c:\users\domowy\documents\visual studio 2015\projects\small_scale_assignment\small_scale_assignment\</FILEPATH>
        <FILENAME>mmio.cpp</FILENAME>
        <LINE>79</LINE>
        <COLUMN>12</COLUMN>
      </SFA>
      <SFA>
        <FILEPATH>c:\users\domowy\documents\visual studio 2015\projects\small_scale_assignment\small_scale_assignment\</FILEPATH>
        <FILENAME>mmio.cpp</FILENAME>
        <LINE>75</LINE>
        <COLUMN>21</COLUMN>
        <KEYEVENT>
          <ID>3</ID>
          <KIND>declaration</KIND>
          <IMPORTANCE>Essential</IMPORTANCE>
          <MESSAGE>'i' may equal 1</MESSAGE>
        </KEYEVENT>
      </SFA>
      <SFA>
        <FILEPATH>c:\users\domowy\documents\visual studio 2015\projects\small_scale_assignment\small_scale_assignment\</FILEPATH>
        <FILENAME>mmio.cpp</FILENAME>
        <LINE>75</LINE>
        <COLUMN>15</COLUMN>
        <KEYEVENT>
          <ID>4</ID>
          <KIND>branch</KIND>
          <IMPORTANCE>Full</IMPORTANCE>
          <MESSAGE>Continue this loop, (assume 'i&lt;nz')</MESSAGE>
        </KEYEVENT>
      </SFA>
      <SFA>
        <FILEPATH>c:\users\domowy\documents\visual studio 2015\projects\small_scale_assignment\small_scale_assignment\</FILEPATH>
        <FILENAME>mmio.cpp</FILENAME>
        <LINE>77</LINE>
        <COLUMN>14</COLUMN>
        <KEYEVENT>
          <ID>5</ID>
          <KIND>declaration</KIND>
          <IMPORTANCE>Full</IMPORTANCE>
          <MESSAGE>'i' is an Output from 'fscanf' (declared at c:\program files (x86)\windows kits\10\include\10.0.10240.0\ucrt\stdio.h:1193)</MESSAGE>
        </KEYEVENT>
      </SFA>
      <SFA>
        <FILEPATH>c:\users\domowy\documents\visual studio 2015\projects\small_scale_assignment\small_scale_assignment\</FILEPATH>
        <FILENAME>mmio.cpp</FILENAME>
        <LINE>78</LINE>
        <COLUMN>12</COLUMN>
        <KEYEVENT>
          <ID>6</ID>
          <KIND>usage</KIND>
          <IMPORTANCE>Essential</IMPORTANCE>
          <MESSAGE>Invalid read from 'I', (outside its readable range)</MESSAGE>
        </KEYEVENT>
      </SFA>
    </PATH>
  </DEFECT>
  <DEFECT>
    <SFA>
      <FILEPATH>c:\users\domowy\documents\visual studio 2015\projects\small_scale_assignment\small_scale_assignment\</FILEPATH>
      <FILENAME>mmio.cpp</FILENAME>
      <LINE>79</LINE>
      <COLUMN>12</COLUMN>
    </SFA>
    <DEFECTCODE>6385</DEFECTCODE>
    <DESCRIPTION>Reading invalid data from 'J':  the readable size is 'nz*sizeof(int)' bytes, but '8' bytes may be read.</DESCRIPTION>
    <FUNCTION>mm_read_unsymmetric_sparse</FUNCTION>
    <DECORATED>?mm_read_unsymmetric_sparse@@YAHPEBDPEAH11PEAPEANPEAPEAH3@Z</DECORATED>
    <FUNCLINE>17</FUNCLINE>
    <PROBABILITY>1</PROBABILITY>
    <RANK>4</RANK>
    <CATEGORY>
      <RULECATEGORY>mspft</RULECATEGORY>
    </CATEGORY>
    <PATH>
      <SFA>
        <FILEPATH>c:\users\domowy\documents\visual studio 2015\projects\small_scale_assignment\small_scale_assignment\</FILEPATH>
        <FILENAME>mmio.cpp</FILENAME>
        <LINE>20</LINE>
        <COLUMN>10</COLUMN>
      </SFA>
      <SFA>
        <FILEPATH>c:\users\domowy\documents\visual studio 2015\projects\small_scale_assignment\small_scale_assignment\</FILEPATH>
        <FILENAME>mmio.cpp</FILENAME>
        <LINE>21</LINE>
        <COLUMN>16</COLUMN>
      </SFA>
      <SFA>
        <FILEPATH>c:\users\domowy\documents\visual studio 2015\projects\small_scale_assignment\small_scale_assignment\</FILEPATH>
        <FILENAME>mmio.cpp</FILENAME>
        <LINE>22</LINE>
        <COLUMN>8</COLUMN>
      </SFA>
      <SFA>
        <FILEPATH>c:\users\domowy\documents\visual studio 2015\projects\small_scale_assignment\small_scale_assignment\</FILEPATH>
        <FILENAME>mmio.cpp</FILENAME>
        <LINE>22</LINE>
        <COLUMN>11</COLUMN>
      </SFA>
      <SFA>
        <FILEPATH>c:\users\domowy\documents\visual studio 2015\projects\small_scale_assignment\small_scale_assignment\</FILEPATH>
        <FILENAME>mmio.cpp</FILENAME>
        <LINE>22</LINE>
        <COLUMN>14</COLUMN>
      </SFA>
      <SFA>
        <FILEPATH>c:\users\domowy\documents\visual studio 2015\projects\small_scale_assignment\small_scale_assignment\</FILEPATH>
        <FILENAME>mmio.cpp</FILENAME>
        <LINE>23</LINE>
        <COLUMN>8</COLUMN>
      </SFA>
      <SFA>
        <FILEPATH>c:\users\domowy\documents\visual studio 2015\projects\small_scale_assignment\small_scale_assignment\</FILEPATH>
        <FILENAME>mmio.cpp</FILENAME>
        <LINE>24</LINE>
        <COLUMN>12</COLUMN>
      </SFA>
      <SFA>
        <FILEPATH>c:\users\domowy\documents\visual studio 2015\projects\small_scale_assignment\small_scale_assignment\</FILEPATH>
        <FILENAME>mmio.cpp</FILENAME>
        <LINE>25</LINE>
        <COLUMN>9</COLUMN>
      </SFA>
      <SFA>
        <FILEPATH>c:\users\domowy\documents\visual studio 2015\projects\small_scale_assignment\small_scale_assignment\</FILEPATH>
        <FILENAME>mmio.cpp</FILENAME>
        <LINE>25</LINE>
        <COLUMN>13</COLUMN>
      </SFA>
      <SFA>
        <FILEPATH>c:\users\domowy\documents\visual studio 2015\projects\small_scale_assignment\small_scale_assignment\</FILEPATH>
        <FILENAME>mmio.cpp</FILENAME>
        <LINE>27</LINE>
        <COLUMN>32</COLUMN>
      </SFA>
      <SFA>
        <FILEPATH>c:\users\domowy\documents\visual studio 2015\projects\small_scale_assignment\small_scale_assignment\</FILEPATH>
        <FILENAME>mmio.cpp</FILENAME>
        <LINE>31</LINE>
        <COLUMN>36</COLUMN>
      </SFA>
      <SFA>
        <FILEPATH>c:\users\domowy\documents\visual studio 2015\projects\small_scale_assignment\small_scale_assignment\</FILEPATH>
        <FILENAME>mmio.cpp</FILENAME>
        <LINE>40</LINE>
        <COLUMN>9</COLUMN>
      </SFA>
      <SFA>
        <FILEPATH>c:\users\domowy\documents\visual studio 2015\projects\small_scale_assignment\small_scale_assignment\</FILEPATH>
        <FILENAME>mmio.cpp</FILENAME>
        <LINE>51</LINE>
        <COLUMN>45</COLUMN>
      </SFA>
      <SFA>
        <FILEPATH>c:\users\domowy\documents\visual studio 2015\projects\small_scale_assignment\small_scale_assignment\</FILEPATH>
        <FILENAME>mmio.cpp</FILENAME>
        <LINE>57</LINE>
        <COLUMN>8</COLUMN>
      </SFA>
      <SFA>
        <FILEPATH>c:\users\domowy\documents\visual studio 2015\projects\small_scale_assignment\small_scale_assignment\</FILEPATH>
        <FILENAME>mmio.cpp</FILENAME>
        <LINE>58</LINE>
        <COLUMN>8</COLUMN>
      </SFA>
      <SFA>
        <FILEPATH>c:\users\domowy\documents\visual studio 2015\projects\small_scale_assignment\small_scale_assignment\</FILEPATH>
        <FILENAME>mmio.cpp</FILENAME>
        <LINE>59</LINE>
        <COLUMN>9</COLUMN>
      </SFA>
      <SFA>
        <FILEPATH>c:\users\domowy\documents\visual studio 2015\projects\small_scale_assignment\small_scale_assignment\</FILEPATH>
        <FILENAME>mmio.cpp</FILENAME>
        <LINE>63</LINE>
        <COLUMN>6</COLUMN>
      </SFA>
      <SFA>
        <FILEPATH>c:\users\domowy\documents\visual studio 2015\projects\small_scale_assignment\small_scale_assignment\</FILEPATH>
        <FILENAME>mmio.cpp</FILENAME>
        <LINE>64</LINE>
        <COLUMN>6</COLUMN>
        <KEYEVENT>
          <ID>1</ID>
          <KIND>declaration</KIND>
          <IMPORTANCE>Essential</IMPORTANCE>
          <MESSAGE>'J' is a 0 byte array</MESSAGE>
        </KEYEVENT>
      </SFA>
      <SFA>
        <FILEPATH>c:\users\domowy\documents\visual studio 2015\projects\small_scale_assignment\small_scale_assignment\</FILEPATH>
        <FILENAME>mmio.cpp</FILENAME>
        <LINE>65</LINE>
        <COLUMN>16</COLUMN>
      </SFA>
      <SFA>
        <FILEPATH>c:\users\domowy\documents\visual studio 2015\projects\small_scale_assignment\small_scale_assignment\</FILEPATH>
        <FILENAME>mmio.cpp</FILENAME>
        <LINE>67</LINE>
        <COLUMN>10</COLUMN>
      </SFA>
      <SFA>
        <FILEPATH>c:\users\domowy\documents\visual studio 2015\projects\small_scale_assignment\small_scale_assignment\</FILEPATH>
        <FILENAME>mmio.cpp</FILENAME>
        <LINE>68</LINE>
        <COLUMN>8</COLUMN>
      </SFA>
      <SFA>
        <FILEPATH>c:\users\domowy\documents\visual studio 2015\projects\small_scale_assignment\small_scale_assignment\</FILEPATH>
        <FILENAME>mmio.cpp</FILENAME>
        <LINE>69</LINE>
        <COLUMN>8</COLUMN>
      </SFA>
      <SFA>
        <FILEPATH>c:\users\domowy\documents\visual studio 2015\projects\small_scale_assignment\small_scale_assignment\</FILEPATH>
        <FILENAME>mmio.cpp</FILENAME>
        <LINE>75</LINE>
        <COLUMN>10</COLUMN>
      </SFA>
      <SFA>
        <FILEPATH>c:\users\domowy\documents\visual studio 2015\projects\small_scale_assignment\small_scale_assignment\</FILEPATH>
        <FILENAME>mmio.cpp</FILENAME>
        <LINE>75</LINE>
        <COLUMN>15</COLUMN>
        <KEYEVENT>
          <ID>2</ID>
          <KIND>branch</KIND>
          <IMPORTANCE>Full</IMPORTANCE>
          <MESSAGE>Enter this loop, (assume 'i&lt;nz')</MESSAGE>
        </KEYEVENT>
      </SFA>
      <SFA>
        <FILEPATH>c:\users\domowy\documents\visual studio 2015\projects\small_scale_assignment\small_scale_assignment\</FILEPATH>
        <FILENAME>mmio.cpp</FILENAME>
        <LINE>77</LINE>
        <COLUMN>14</COLUMN>
      </SFA>
      <SFA>
        <FILEPATH>c:\users\domowy\documents\visual studio 2015\projects\small_scale_assignment\small_scale_assignment\</FILEPATH>
        <FILENAME>mmio.cpp</FILENAME>
        <LINE>78</LINE>
        <COLUMN>12</COLUMN>
      </SFA>
      <SFA>
        <FILEPATH>c:\users\domowy\documents\visual studio 2015\projects\small_scale_assignment\small_scale_assignment\</FILEPATH>
        <FILENAME>mmio.cpp</FILENAME>
        <LINE>79</LINE>
        <COLUMN>12</COLUMN>
      </SFA>
      <SFA>
        <FILEPATH>c:\users\domowy\documents\visual studio 2015\projects\small_scale_assignment\small_scale_assignment\</FILEPATH>
        <FILENAME>mmio.cpp</FILENAME>
        <LINE>75</LINE>
        <COLUMN>21</COLUMN>
        <KEYEVENT>
          <ID>3</ID>
          <KIND>declaration</KIND>
          <IMPORTANCE>Essential</IMPORTANCE>
          <MESSAGE>'i' may equal 1</MESSAGE>
        </KEYEVENT>
      </SFA>
      <SFA>
        <FILEPATH>c:\users\domowy\documents\visual studio 2015\projects\small_scale_assignment\small_scale_assignment\</FILEPATH>
        <FILENAME>mmio.cpp</FILENAME>
        <LINE>75</LINE>
        <COLUMN>15</COLUMN>
        <KEYEVENT>
          <ID>4</ID>
          <KIND>branch</KIND>
          <IMPORTANCE>Full</IMPORTANCE>
          <MESSAGE>Continue this loop, (assume 'i&lt;nz')</MESSAGE>
        </KEYEVENT>
      </SFA>
      <SFA>
        <FILEPATH>c:\users\domowy\documents\visual studio 2015\projects\small_scale_assignment\small_scale_assignment\</FILEPATH>
        <FILENAME>mmio.cpp</FILENAME>
        <LINE>77</LINE>
        <COLUMN>14</COLUMN>
        <KEYEVENT>
          <ID>5</ID>
          <KIND>declaration</KIND>
          <IMPORTANCE>Full</IMPORTANCE>
          <MESSAGE>'i' is an Output from 'fscanf' (declared at c:\program files (x86)\windows kits\10\include\10.0.10240.0\ucrt\stdio.h:1193)</MESSAGE>
        </KEYEVENT>
      </SFA>
      <SFA>
        <FILEPATH>c:\users\domowy\documents\visual studio 2015\projects\small_scale_assignment\small_scale_assignment\</FILEPATH>
        <FILENAME>mmio.cpp</FILENAME>
        <LINE>78</LINE>
        <COLUMN>12</COLUMN>
      </SFA>
      <SFA>
        <FILEPATH>c:\users\domowy\documents\visual studio 2015\projects\small_scale_assignment\small_scale_assignment\</FILEPATH>
        <FILENAME>mmio.cpp</FILENAME>
        <LINE>79</LINE>
        <COLUMN>12</COLUMN>
        <KEYEVENT>
          <ID>6</ID>
          <KIND>usage</KIND>
          <IMPORTANCE>Essential</IMPORTANCE>
          <MESSAGE>Invalid read from 'J', (outside its readable range)</MESSAGE>
        </KEYEVENT>
      </SFA>
    </PATH>
  </DEFECT>
  <DEFECT>
    <SFA>
      <FILEPATH>c:\users\domowy\documents\visual studio 2015\projects\small_scale_assignment\small_scale_assignment\</FILEPATH>
      <FILENAME>mmio.cpp</FILENAME>
      <LINE>163</LINE>
      <COLUMN>47</COLUMN>
    </SFA>
    <DEFECTCODE>6054</DEFECTCODE>
    <DESCRIPTION>String 'storage_scheme' might not be zero-terminated.</DESCRIPTION>
    <FUNCTION>mm_read_banner</FUNCTION>
    <DECORATED>?mm_read_banner@@YAHPEAU_iobuf@@PEAY03D@Z</DECORATED>
    <FUNCLINE>96</FUNCLINE>
    <PROBABILITY>1</PROBABILITY>
    <RANK>3</RANK>
    <CATEGORY>
      <RULECATEGORY>mspft</RULECATEGORY>
    </CATEGORY>
    <PATH>
      <SFA>
        <FILEPATH>c:\users\domowy\documents\visual studio 2015\projects\small_scale_assignment\small_scale_assignment\</FILEPATH>
        <FILENAME>mmio.cpp</FILENAME>
        <LINE>98</LINE>
        <COLUMN>9</COLUMN>
      </SFA>
      <SFA>
        <FILEPATH>c:\users\domowy\documents\visual studio 2015\projects\small_scale_assignment\small_scale_assignment\</FILEPATH>
        <FILENAME>mmio.cpp</FILENAME>
        <LINE>99</LINE>
        <COLUMN>9</COLUMN>
      </SFA>
      <SFA>
        <FILEPATH>c:\users\domowy\documents\visual studio 2015\projects\small_scale_assignment\small_scale_assignment\</FILEPATH>
        <FILENAME>mmio.cpp</FILENAME>
        <LINE>100</LINE>
        <COLUMN>9</COLUMN>
      </SFA>
      <SFA>
        <FILEPATH>c:\users\domowy\documents\visual studio 2015\projects\small_scale_assignment\small_scale_assignment\</FILEPATH>
        <FILENAME>mmio.cpp</FILENAME>
        <LINE>101</LINE>
        <COLUMN>9</COLUMN>
      </SFA>
      <SFA>
        <FILEPATH>c:\users\domowy\documents\visual studio 2015\projects\small_scale_assignment\small_scale_assignment\</FILEPATH>
        <FILENAME>mmio.cpp</FILENAME>
        <LINE>102</LINE>
        <COLUMN>9</COLUMN>
      </SFA>
      <SFA>
        <FILEPATH>c:\users\domowy\documents\visual studio 2015\projects\small_scale_assignment\small_scale_assignment\</FILEPATH>
        <FILENAME>mmio.cpp</FILENAME>
        <LINE>103</LINE>
        <COLUMN>9</COLUMN>
      </SFA>
      <SFA>
        <FILEPATH>c:\users\domowy\documents\visual studio 2015\projects\small_scale_assignment\small_scale_assignment\</FILEPATH>
        <FILENAME>mmio.cpp</FILENAME>
        <LINE>104</LINE>
        <COLUMN>10</COLUMN>
      </SFA>
      <SFA>
        <FILEPATH>c:\users\domowy\documents\visual studio 2015\projects\small_scale_assignment\small_scale_assignment\</FILEPATH>
        <FILENAME>mmio.cpp</FILENAME>
        <LINE>107</LINE>
        <COLUMN>4</COLUMN>
      </SFA>
      <SFA>
        <FILEPATH>c:\users\domowy\documents\visual studio 2015\projects\small_scale_assignment\small_scale_assignment\</FILEPATH>
        <FILENAME>mmio.cpp</FILENAME>
        <LINE>109</LINE>
        <COLUMN>43</COLUMN>
      </SFA>
      <SFA>
        <FILEPATH>c:\users\domowy\documents\visual studio 2015\projects\small_scale_assignment\small_scale_assignment\</FILEPATH>
        <FILENAME>mmio.cpp</FILENAME>
        <LINE>113</LINE>
        <COLUMN>24</COLUMN>
      </SFA>
      <SFA>
        <FILEPATH>c:\users\domowy\documents\visual studio 2015\projects\small_scale_assignment\small_scale_assignment\</FILEPATH>
        <FILENAME>mmio.cpp</FILENAME>
        <LINE>116</LINE>
        <COLUMN>10</COLUMN>
      </SFA>
      <SFA>
        <FILEPATH>c:\users\domowy\documents\visual studio 2015\projects\small_scale_assignment\small_scale_assignment\</FILEPATH>
        <FILENAME>mmio.cpp</FILENAME>
        <LINE>116</LINE>
        <COLUMN>18</COLUMN>
      </SFA>
      <SFA>
        <FILEPATH>c:\users\domowy\documents\visual studio 2015\projects\small_scale_assignment\small_scale_assignment\</FILEPATH>
        <FILENAME>mmio.cpp</FILENAME>
        <LINE>117</LINE>
        <COLUMN>10</COLUMN>
      </SFA>
      <SFA>
        <FILEPATH>c:\users\domowy\documents\visual studio 2015\projects\small_scale_assignment\small_scale_assignment\</FILEPATH>
        <FILENAME>mmio.cpp</FILENAME>
        <LINE>117</LINE>
        <COLUMN>18</COLUMN>
      </SFA>
      <SFA>
        <FILEPATH>c:\users\domowy\documents\visual studio 2015\projects\small_scale_assignment\small_scale_assignment\</FILEPATH>
        <FILENAME>mmio.cpp</FILENAME>
        <LINE>118</LINE>
        <COLUMN>10</COLUMN>
      </SFA>
      <SFA>
        <FILEPATH>c:\users\domowy\documents\visual studio 2015\projects\small_scale_assignment\small_scale_assignment\</FILEPATH>
        <FILENAME>mmio.cpp</FILENAME>
        <LINE>118</LINE>
        <COLUMN>24</COLUMN>
      </SFA>
      <SFA>
        <FILEPATH>c:\users\domowy\documents\visual studio 2015\projects\small_scale_assignment\small_scale_assignment\</FILEPATH>
        <FILENAME>mmio.cpp</FILENAME>
        <LINE>119</LINE>
        <COLUMN>10</COLUMN>
      </SFA>
      <SFA>
        <FILEPATH>c:\users\domowy\documents\visual studio 2015\projects\small_scale_assignment\small_scale_assignment\</FILEPATH>
        <FILENAME>mmio.cpp</FILENAME>
        <LINE>119</LINE>
        <COLUMN>29</COLUMN>
        <KEYEVENT>
          <ID>1</ID>
          <KIND>branch</KIND>
          <IMPORTANCE>Full</IMPORTANCE>
          <MESSAGE>'storage_scheme' may be NULL (Skip this loop)</MESSAGE>
        </KEYEVENT>
      </SFA>
      <SFA>
        <FILEPATH>c:\users\domowy\documents\visual studio 2015\projects\small_scale_assignment\small_scale_assignment\</FILEPATH>
        <FILENAME>mmio.cpp</FILENAME>
        <LINE>122</LINE>
        <COLUMN>72</COLUMN>
        <KEYEVENT>
          <ID>2</ID>
          <KIND>branch</KIND>
          <IMPORTANCE>Full</IMPORTANCE>
          <MESSAGE>Skip this branch, (assume '&lt;branch condition&gt;' is false)</MESSAGE>
        </KEYEVENT>
      </SFA>
      <SFA>
        <FILEPATH>c:\users\domowy\documents\visual studio 2015\projects\small_scale_assignment\small_scale_assignment\</FILEPATH>
        <FILENAME>mmio.cpp</FILENAME>
        <LINE>126</LINE>
        <COLUMN>32</COLUMN>
        <KEYEVENT>
          <ID>3</ID>
          <KIND>branch</KIND>
          <IMPORTANCE>Full</IMPORTANCE>
          <MESSAGE>Skip this branch, (assume 'strcmp(mtx, "matrix")!=0' is false)</MESSAGE>
        </KEYEVENT>
      </SFA>
      <SFA>
        <FILEPATH>c:\users\domowy\documents\visual studio 2015\projects\small_scale_assignment\small_scale_assignment\</FILEPATH>
        <FILENAME>mmio.cpp</FILENAME>
        <LINE>128</LINE>
        <COLUMN>4</COLUMN>
      </SFA>
      <SFA>
        <FILEPATH>c:\users\domowy\documents\visual studio 2015\projects\small_scale_assignment\small_scale_assignment\</FILEPATH>
        <FILENAME>mmio.cpp</FILENAME>
        <LINE>135</LINE>
        <COLUMN>35</COLUMN>
        <KEYEVENT>
          <ID>4</ID>
          <KIND>branch</KIND>
          <IMPORTANCE>Full</IMPORTANCE>
          <MESSAGE>Skip this branch, (assume 'strcmp(crd, "coordinate")==0' is false)</MESSAGE>
        </KEYEVENT>
      </SFA>
      <SFA>
        <FILEPATH>c:\users\domowy\documents\visual studio 2015\projects\small_scale_assignment\small_scale_assignment\</FILEPATH>
        <FILENAME>mmio.cpp</FILENAME>
        <LINE>138</LINE>
        <COLUMN>34</COLUMN>
        <KEYEVENT>
          <ID>5</ID>
          <KIND>branch</KIND>
          <IMPORTANCE>Full</IMPORTANCE>
          <MESSAGE>Enter this branch, (assume 'strcmp(crd, "array")==0')</MESSAGE>
        </KEYEVENT>
      </SFA>
      <SFA>
        <FILEPATH>c:\users\domowy\documents\visual studio 2015\projects\small_scale_assignment\small_scale_assignment\</FILEPATH>
        <FILENAME>mmio.cpp</FILENAME>
        <LINE>139</LINE>
        <COLUMN>12</COLUMN>
      </SFA>
      <SFA>
        <FILEPATH>c:\users\domowy\documents\visual studio 2015\projects\small_scale_assignment\small_scale_assignment\</FILEPATH>
        <FILENAME>mmio.cpp</FILENAME>
        <LINE>146</LINE>
        <COLUMN>39</COLUMN>
        <KEYEVENT>
          <ID>6</ID>
          <KIND>branch</KIND>
          <IMPORTANCE>Full</IMPORTANCE>
          <MESSAGE>Skip this branch, (assume 'strcmp(data_type, "real")==0' is false)</MESSAGE>
        </KEYEVENT>
      </SFA>
      <SFA>
        <FILEPATH>c:\users\domowy\documents\visual studio 2015\projects\small_scale_assignment\small_scale_assignment\</FILEPATH>
        <FILENAME>mmio.cpp</FILENAME>
        <LINE>149</LINE>
        <COLUMN>42</COLUMN>
        <KEYEVENT>
          <ID>7</ID>
          <KIND>branch</KIND>
          <IMPORTANCE>Full</IMPORTANCE>
          <MESSAGE>Skip this branch, (assume '&lt;branch condition&gt;' is false)</MESSAGE>
        </KEYEVENT>
      </SFA>
      <SFA>
        <FILEPATH>c:\users\domowy\documents\visual studio 2015\projects\small_scale_assignment\small_scale_assignment\</FILEPATH>
        <FILENAME>mmio.cpp</FILENAME>
        <LINE>152</LINE>
        <COLUMN>42</COLUMN>
        <KEYEVENT>
          <ID>8</ID>
          <KIND>branch</KIND>
          <IMPORTANCE>Full</IMPORTANCE>
          <MESSAGE>Skip this branch, (assume '&lt;branch condition&gt;' is false)</MESSAGE>
        </KEYEVENT>
      </SFA>
      <SFA>
        <FILEPATH>c:\users\domowy\documents\visual studio 2015\projects\small_scale_assignment\small_scale_assignment\</FILEPATH>
        <FILENAME>mmio.cpp</FILENAME>
        <LINE>155</LINE>
        <COLUMN>38</COLUMN>
        <KEYEVENT>
          <ID>9</ID>
          <KIND>branch</KIND>
          <IMPORTANCE>Full</IMPORTANCE>
          <MESSAGE>Enter this branch, (assume '&lt;branch condition&gt;')</MESSAGE>
        </KEYEVENT>
      </SFA>
      <SFA>
        <FILEPATH>c:\users\domowy\documents\visual studio 2015\projects\small_scale_assignment\small_scale_assignment\</FILEPATH>
        <FILENAME>mmio.cpp</FILENAME>
        <LINE>156</LINE>
        <COLUMN>8</COLUMN>
      </SFA>
      <SFA>
        <FILEPATH>c:\users\domowy\documents\visual studio 2015\projects\small_scale_assignment\small_scale_assignment\</FILEPATH>
        <FILENAME>mmio.cpp</FILENAME>
        <LINE>163</LINE>
        <COLUMN>47</COLUMN>
        <KEYEVENT>
          <ID>10</ID>
          <KIND>usage</KIND>
          <IMPORTANCE>Full</IMPORTANCE>
          <MESSAGE>'storage_scheme' is an Input to 'strcmp' (declared at c:\program files (x86)\windows kits\10\include\10.0.10240.0\ucrt\string.h:95)</MESSAGE>
        </KEYEVENT>
      </SFA>
      <SFA>
        <FILEPATH>c:\users\domowy\documents\visual studio 2015\projects\small_scale_assignment\small_scale_assignment\</FILEPATH>
        <FILENAME>mmio.cpp</FILENAME>
        <LINE>163</LINE>
        <COLUMN>47</COLUMN>
        <KEYEVENT>
          <ID>11</ID>
          <KIND>usage</KIND>
          <IMPORTANCE>Essential</IMPORTANCE>
          <MESSAGE>'storage_scheme' is required to be zero-terminated by a SAL annotation on 'strcmp'</MESSAGE>
        </KEYEVENT>
      </SFA>
    </PATH>
  </DEFECT>
  <DEFECT>
    <SFA>
      <FILEPATH>c:\users\domowy\documents\visual studio 2015\projects\small_scale_assignment\small_scale_assignment\</FILEPATH>
      <FILENAME>mmio.cpp</FILENAME>
      <LINE>122</LINE>
      <COLUMN>72</COLUMN>
    </SFA>
    <DEFECTCODE>6054</DEFECTCODE>
    <DESCRIPTION>String 'banner' might not be zero-terminated.</DESCRIPTION>
    <FUNCTION>mm_read_banner</FUNCTION>
    <DECORATED>?mm_read_banner@@YAHPEAU_iobuf@@PEAY03D@Z</DECORATED>
    <FUNCLINE>96</FUNCLINE>
    <PROBABILITY>1</PROBABILITY>
    <RANK>3</RANK>
    <CATEGORY>
      <RULECATEGORY>mspft</RULECATEGORY>
    </CATEGORY>
    <PATH>
      <SFA>
        <FILEPATH>c:\users\domowy\documents\visual studio 2015\projects\small_scale_assignment\small_scale_assignment\</FILEPATH>
        <FILENAME>mmio.cpp</FILENAME>
        <LINE>98</LINE>
        <COLUMN>9</COLUMN>
      </SFA>
      <SFA>
        <FILEPATH>c:\users\domowy\documents\visual studio 2015\projects\small_scale_assignment\small_scale_assignment\</FILEPATH>
        <FILENAME>mmio.cpp</FILENAME>
        <LINE>99</LINE>
        <COLUMN>9</COLUMN>
        <KEYEVENT>
          <ID>1</ID>
          <KIND>declaration</KIND>
          <IMPORTANCE>Essential</IMPORTANCE>
          <MESSAGE>This expression may not zero-terminate 'banner'</MESSAGE>
        </KEYEVENT>
      </SFA>
      <SFA>
        <FILEPATH>c:\users\domowy\documents\visual studio 2015\projects\small_scale_assignment\small_scale_assignment\</FILEPATH>
        <FILENAME>mmio.cpp</FILENAME>
        <LINE>100</LINE>
        <COLUMN>9</COLUMN>
      </SFA>
      <SFA>
        <FILEPATH>c:\users\domowy\documents\visual studio 2015\projects\small_scale_assignment\small_scale_assignment\</FILEPATH>
        <FILENAME>mmio.cpp</FILENAME>
        <LINE>101</LINE>
        <COLUMN>9</COLUMN>
      </SFA>
      <SFA>
        <FILEPATH>c:\users\domowy\documents\visual studio 2015\projects\small_scale_assignment\small_scale_assignment\</FILEPATH>
        <FILENAME>mmio.cpp</FILENAME>
        <LINE>102</LINE>
        <COLUMN>9</COLUMN>
      </SFA>
      <SFA>
        <FILEPATH>c:\users\domowy\documents\visual studio 2015\projects\small_scale_assignment\small_scale_assignment\</FILEPATH>
        <FILENAME>mmio.cpp</FILENAME>
        <LINE>103</LINE>
        <COLUMN>9</COLUMN>
      </SFA>
      <SFA>
        <FILEPATH>c:\users\domowy\documents\visual studio 2015\projects\small_scale_assignment\small_scale_assignment\</FILEPATH>
        <FILENAME>mmio.cpp</FILENAME>
        <LINE>104</LINE>
        <COLUMN>10</COLUMN>
      </SFA>
      <SFA>
        <FILEPATH>c:\users\domowy\documents\visual studio 2015\projects\small_scale_assignment\small_scale_assignment\</FILEPATH>
        <FILENAME>mmio.cpp</FILENAME>
        <LINE>107</LINE>
        <COLUMN>4</COLUMN>
      </SFA>
      <SFA>
        <FILEPATH>c:\users\domowy\documents\visual studio 2015\projects\small_scale_assignment\small_scale_assignment\</FILEPATH>
        <FILENAME>mmio.cpp</FILENAME>
        <LINE>109</LINE>
        <COLUMN>43</COLUMN>
        <KEYEVENT>
          <ID>2</ID>
          <KIND>branch</KIND>
          <IMPORTANCE>Full</IMPORTANCE>
          <MESSAGE>Skip this branch, (assume 'fgets(line, 1025, f)==0' is false)</MESSAGE>
        </KEYEVENT>
      </SFA>
      <SFA>
        <FILEPATH>c:\users\domowy\documents\visual studio 2015\projects\small_scale_assignment\small_scale_assignment\</FILEPATH>
        <FILENAME>mmio.cpp</FILENAME>
        <LINE>113</LINE>
        <COLUMN>24</COLUMN>
        <KEYEVENT>
          <ID>3</ID>
          <KIND>declaration</KIND>
          <IMPORTANCE>Full</IMPORTANCE>
          <MESSAGE>'banner' is an Output from 'sscanf' (declared at c:\program files (x86)\windows kits\10\include\10.0.10240.0\ucrt\stdio.h:2254)</MESSAGE>
        </KEYEVENT>
      </SFA>
      <SFA>
        <FILEPATH>c:\users\domowy\documents\visual studio 2015\projects\small_scale_assignment\small_scale_assignment\</FILEPATH>
        <FILENAME>mmio.cpp</FILENAME>
        <LINE>113</LINE>
        <COLUMN>24</COLUMN>
        <KEYEVENT>
          <ID>4</ID>
          <KIND>branch</KIND>
          <IMPORTANCE>Full</IMPORTANCE>
          <MESSAGE>Skip this branch, (assume '&lt;branch condition&gt;' is false)</MESSAGE>
        </KEYEVENT>
      </SFA>
      <SFA>
        <FILEPATH>c:\users\domowy\documents\visual studio 2015\projects\small_scale_assignment\small_scale_assignment\</FILEPATH>
        <FILENAME>mmio.cpp</FILENAME>
        <LINE>116</LINE>
        <COLUMN>10</COLUMN>
      </SFA>
      <SFA>
        <FILEPATH>c:\users\domowy\documents\visual studio 2015\projects\small_scale_assignment\small_scale_assignment\</FILEPATH>
        <FILENAME>mmio.cpp</FILENAME>
        <LINE>116</LINE>
        <COLUMN>18</COLUMN>
        <KEYEVENT>
          <ID>5</ID>
          <KIND>branch</KIND>
          <IMPORTANCE>Full</IMPORTANCE>
          <MESSAGE>Skip this loop, (assume '*p!=0' is false)</MESSAGE>
        </KEYEVENT>
      </SFA>
      <SFA>
        <FILEPATH>c:\users\domowy\documents\visual studio 2015\projects\small_scale_assignment\small_scale_assignment\</FILEPATH>
        <FILENAME>mmio.cpp</FILENAME>
        <LINE>117</LINE>
        <COLUMN>10</COLUMN>
      </SFA>
      <SFA>
        <FILEPATH>c:\users\domowy\documents\visual studio 2015\projects\small_scale_assignment\small_scale_assignment\</FILEPATH>
        <FILENAME>mmio.cpp</FILENAME>
        <LINE>117</LINE>
        <COLUMN>18</COLUMN>
        <KEYEVENT>
          <ID>6</ID>
          <KIND>branch</KIND>
          <IMPORTANCE>Full</IMPORTANCE>
          <MESSAGE>Skip this loop, (assume '*p!=0' is false)</MESSAGE>
        </KEYEVENT>
      </SFA>
      <SFA>
        <FILEPATH>c:\users\domowy\documents\visual studio 2015\projects\small_scale_assignment\small_scale_assignment\</FILEPATH>
        <FILENAME>mmio.cpp</FILENAME>
        <LINE>118</LINE>
        <COLUMN>10</COLUMN>
      </SFA>
      <SFA>
        <FILEPATH>c:\users\domowy\documents\visual studio 2015\projects\small_scale_assignment\small_scale_assignment\</FILEPATH>
        <FILENAME>mmio.cpp</FILENAME>
        <LINE>118</LINE>
        <COLUMN>24</COLUMN>
      </SFA>
      <SFA>
        <FILEPATH>c:\users\domowy\documents\visual studio 2015\projects\small_scale_assignment\small_scale_assignment\</FILEPATH>
        <FILENAME>mmio.cpp</FILENAME>
        <LINE>119</LINE>
        <COLUMN>10</COLUMN>
      </SFA>
      <SFA>
        <FILEPATH>c:\users\domowy\documents\visual studio 2015\projects\small_scale_assignment\small_scale_assignment\</FILEPATH>
        <FILENAME>mmio.cpp</FILENAME>
        <LINE>119</LINE>
        <COLUMN>29</COLUMN>
      </SFA>
      <SFA>
        <FILEPATH>c:\users\domowy\documents\visual studio 2015\projects\small_scale_assignment\small_scale_assignment\</FILEPATH>
        <FILENAME>mmio.cpp</FILENAME>
        <LINE>122</LINE>
        <COLUMN>72</COLUMN>
        <KEYEVENT>
          <ID>7</ID>
          <KIND>usage</KIND>
          <IMPORTANCE>Essential</IMPORTANCE>
          <MESSAGE>'banner' should be zero-terminated but may not be</MESSAGE>
        </KEYEVENT>
      </SFA>
    </PATH>
  </DEFECT>
  <DEFECT>
    <SFA>
      <FILEPATH>c:\users\domowy\documents\visual studio 2015\projects\small_scale_assignment\small_scale_assignment\</FILEPATH>
      <FILENAME>mmio.cpp</FILENAME>
      <LINE>126</LINE>
      <COLUMN>32</COLUMN>
    </SFA>
    <DEFECTCODE>6054</DEFECTCODE>
    <DESCRIPTION>String 'mtx' might not be zero-terminated.</DESCRIPTION>
    <FUNCTION>mm_read_banner</FUNCTION>
    <DECORATED>?mm_read_banner@@YAHPEAU_iobuf@@PEAY03D@Z</DECORATED>
    <FUNCLINE>96</FUNCLINE>
    <PROBABILITY>1</PROBABILITY>
    <RANK>3</RANK>
    <CATEGORY>
      <RULECATEGORY>mspft</RULECATEGORY>
    </CATEGORY>
    <PATH>
      <SFA>
        <FILEPATH>c:\users\domowy\documents\visual studio 2015\projects\small_scale_assignment\small_scale_assignment\</FILEPATH>
        <FILENAME>mmio.cpp</FILENAME>
        <LINE>98</LINE>
        <COLUMN>9</COLUMN>
      </SFA>
      <SFA>
        <FILEPATH>c:\users\domowy\documents\visual studio 2015\projects\small_scale_assignment\small_scale_assignment\</FILEPATH>
        <FILENAME>mmio.cpp</FILENAME>
        <LINE>99</LINE>
        <COLUMN>9</COLUMN>
      </SFA>
      <SFA>
        <FILEPATH>c:\users\domowy\documents\visual studio 2015\projects\small_scale_assignment\small_scale_assignment\</FILEPATH>
        <FILENAME>mmio.cpp</FILENAME>
        <LINE>100</LINE>
        <COLUMN>9</COLUMN>
      </SFA>
      <SFA>
        <FILEPATH>c:\users\domowy\documents\visual studio 2015\projects\small_scale_assignment\small_scale_assignment\</FILEPATH>
        <FILENAME>mmio.cpp</FILENAME>
        <LINE>101</LINE>
        <COLUMN>9</COLUMN>
      </SFA>
      <SFA>
        <FILEPATH>c:\users\domowy\documents\visual studio 2015\projects\small_scale_assignment\small_scale_assignment\</FILEPATH>
        <FILENAME>mmio.cpp</FILENAME>
        <LINE>102</LINE>
        <COLUMN>9</COLUMN>
      </SFA>
      <SFA>
        <FILEPATH>c:\users\domowy\documents\visual studio 2015\projects\small_scale_assignment\small_scale_assignment\</FILEPATH>
        <FILENAME>mmio.cpp</FILENAME>
        <LINE>103</LINE>
        <COLUMN>9</COLUMN>
      </SFA>
      <SFA>
        <FILEPATH>c:\users\domowy\documents\visual studio 2015\projects\small_scale_assignment\small_scale_assignment\</FILEPATH>
        <FILENAME>mmio.cpp</FILENAME>
        <LINE>104</LINE>
        <COLUMN>10</COLUMN>
      </SFA>
      <SFA>
        <FILEPATH>c:\users\domowy\documents\visual studio 2015\projects\small_scale_assignment\small_scale_assignment\</FILEPATH>
        <FILENAME>mmio.cpp</FILENAME>
        <LINE>107</LINE>
        <COLUMN>4</COLUMN>
      </SFA>
      <SFA>
        <FILEPATH>c:\users\domowy\documents\visual studio 2015\projects\small_scale_assignment\small_scale_assignment\</FILEPATH>
        <FILENAME>mmio.cpp</FILENAME>
        <LINE>109</LINE>
        <COLUMN>43</COLUMN>
      </SFA>
      <SFA>
        <FILEPATH>c:\users\domowy\documents\visual studio 2015\projects\small_scale_assignment\small_scale_assignment\</FILEPATH>
        <FILENAME>mmio.cpp</FILENAME>
        <LINE>113</LINE>
        <COLUMN>24</COLUMN>
      </SFA>
      <SFA>
        <FILEPATH>c:\users\domowy\documents\visual studio 2015\projects\small_scale_assignment\small_scale_assignment\</FILEPATH>
        <FILENAME>mmio.cpp</FILENAME>
        <LINE>116</LINE>
        <COLUMN>10</COLUMN>
      </SFA>
      <SFA>
        <FILEPATH>c:\users\domowy\documents\visual studio 2015\projects\small_scale_assignment\small_scale_assignment\</FILEPATH>
        <FILENAME>mmio.cpp</FILENAME>
        <LINE>116</LINE>
        <COLUMN>18</COLUMN>
        <KEYEVENT>
          <ID>1</ID>
          <KIND>branch</KIND>
          <IMPORTANCE>Full</IMPORTANCE>
          <MESSAGE>'mtx' may be NULL (Skip this loop)</MESSAGE>
        </KEYEVENT>
      </SFA>
      <SFA>
        <FILEPATH>c:\users\domowy\documents\visual studio 2015\projects\small_scale_assignment\small_scale_assignment\</FILEPATH>
        <FILENAME>mmio.cpp</FILENAME>
        <LINE>117</LINE>
        <COLUMN>10</COLUMN>
      </SFA>
      <SFA>
        <FILEPATH>c:\users\domowy\documents\visual studio 2015\projects\small_scale_assignment\small_scale_assignment\</FILEPATH>
        <FILENAME>mmio.cpp</FILENAME>
        <LINE>117</LINE>
        <COLUMN>18</COLUMN>
        <KEYEVENT>
          <ID>2</ID>
          <KIND>branch</KIND>
          <IMPORTANCE>Full</IMPORTANCE>
          <MESSAGE>Skip this loop, (assume '*p!=0' is false)</MESSAGE>
        </KEYEVENT>
      </SFA>
      <SFA>
        <FILEPATH>c:\users\domowy\documents\visual studio 2015\projects\small_scale_assignment\small_scale_assignment\</FILEPATH>
        <FILENAME>mmio.cpp</FILENAME>
        <LINE>118</LINE>
        <COLUMN>10</COLUMN>
      </SFA>
      <SFA>
        <FILEPATH>c:\users\domowy\documents\visual studio 2015\projects\small_scale_assignment\small_scale_assignment\</FILEPATH>
        <FILENAME>mmio.cpp</FILENAME>
        <LINE>118</LINE>
        <COLUMN>24</COLUMN>
      </SFA>
      <SFA>
        <FILEPATH>c:\users\domowy\documents\visual studio 2015\projects\small_scale_assignment\small_scale_assignment\</FILEPATH>
        <FILENAME>mmio.cpp</FILENAME>
        <LINE>119</LINE>
        <COLUMN>10</COLUMN>
      </SFA>
      <SFA>
        <FILEPATH>c:\users\domowy\documents\visual studio 2015\projects\small_scale_assignment\small_scale_assignment\</FILEPATH>
        <FILENAME>mmio.cpp</FILENAME>
        <LINE>119</LINE>
        <COLUMN>29</COLUMN>
      </SFA>
      <SFA>
        <FILEPATH>c:\users\domowy\documents\visual studio 2015\projects\small_scale_assignment\small_scale_assignment\</FILEPATH>
        <FILENAME>mmio.cpp</FILENAME>
        <LINE>122</LINE>
        <COLUMN>72</COLUMN>
        <KEYEVENT>
          <ID>3</ID>
          <KIND>branch</KIND>
          <IMPORTANCE>Full</IMPORTANCE>
          <MESSAGE>Skip this branch, (assume '&lt;branch condition&gt;' is false)</MESSAGE>
        </KEYEVENT>
      </SFA>
      <SFA>
        <FILEPATH>c:\users\domowy\documents\visual studio 2015\projects\small_scale_assignment\small_scale_assignment\</FILEPATH>
        <FILENAME>mmio.cpp</FILENAME>
        <LINE>126</LINE>
        <COLUMN>32</COLUMN>
        <KEYEVENT>
          <ID>4</ID>
          <KIND>usage</KIND>
          <IMPORTANCE>Full</IMPORTANCE>
          <MESSAGE>'mtx' is an Input to 'strcmp' (declared at c:\program files (x86)\windows kits\10\include\10.0.10240.0\ucrt\string.h:95)</MESSAGE>
        </KEYEVENT>
      </SFA>
      <SFA>
        <FILEPATH>c:\users\domowy\documents\visual studio 2015\projects\small_scale_assignment\small_scale_assignment\</FILEPATH>
        <FILENAME>mmio.cpp</FILENAME>
        <LINE>126</LINE>
        <COLUMN>32</COLUMN>
        <KEYEVENT>
          <ID>5</ID>
          <KIND>usage</KIND>
          <IMPORTANCE>Essential</IMPORTANCE>
          <MESSAGE>'mtx' is required to be zero-terminated by a SAL annotation on 'strcmp'</MESSAGE>
        </KEYEVENT>
      </SFA>
    </PATH>
  </DEFECT>
  <DEFECT>
    <SFA>
      <FILEPATH>c:\users\domowy\documents\visual studio 2015\projects\small_scale_assignment\small_scale_assignment\</FILEPATH>
      <FILENAME>mmio.cpp</FILENAME>
      <LINE>135</LINE>
      <COLUMN>35</COLUMN>
    </SFA>
    <DEFECTCODE>6054</DEFECTCODE>
    <DESCRIPTION>String 'crd' might not be zero-terminated.</DESCRIPTION>
    <FUNCTION>mm_read_banner</FUNCTION>
    <DECORATED>?mm_read_banner@@YAHPEAU_iobuf@@PEAY03D@Z</DECORATED>
    <FUNCLINE>96</FUNCLINE>
    <PROBABILITY>1</PROBABILITY>
    <RANK>3</RANK>
    <CATEGORY>
      <RULECATEGORY>mspft</RULECATEGORY>
    </CATEGORY>
    <PATH>
      <SFA>
        <FILEPATH>c:\users\domowy\documents\visual studio 2015\projects\small_scale_assignment\small_scale_assignment\</FILEPATH>
        <FILENAME>mmio.cpp</FILENAME>
        <LINE>98</LINE>
        <COLUMN>9</COLUMN>
      </SFA>
      <SFA>
        <FILEPATH>c:\users\domowy\documents\visual studio 2015\projects\small_scale_assignment\small_scale_assignment\</FILEPATH>
        <FILENAME>mmio.cpp</FILENAME>
        <LINE>99</LINE>
        <COLUMN>9</COLUMN>
      </SFA>
      <SFA>
        <FILEPATH>c:\users\domowy\documents\visual studio 2015\projects\small_scale_assignment\small_scale_assignment\</FILEPATH>
        <FILENAME>mmio.cpp</FILENAME>
        <LINE>100</LINE>
        <COLUMN>9</COLUMN>
      </SFA>
      <SFA>
        <FILEPATH>c:\users\domowy\documents\visual studio 2015\projects\small_scale_assignment\small_scale_assignment\</FILEPATH>
        <FILENAME>mmio.cpp</FILENAME>
        <LINE>101</LINE>
        <COLUMN>9</COLUMN>
      </SFA>
      <SFA>
        <FILEPATH>c:\users\domowy\documents\visual studio 2015\projects\small_scale_assignment\small_scale_assignment\</FILEPATH>
        <FILENAME>mmio.cpp</FILENAME>
        <LINE>102</LINE>
        <COLUMN>9</COLUMN>
      </SFA>
      <SFA>
        <FILEPATH>c:\users\domowy\documents\visual studio 2015\projects\small_scale_assignment\small_scale_assignment\</FILEPATH>
        <FILENAME>mmio.cpp</FILENAME>
        <LINE>103</LINE>
        <COLUMN>9</COLUMN>
      </SFA>
      <SFA>
        <FILEPATH>c:\users\domowy\documents\visual studio 2015\projects\small_scale_assignment\small_scale_assignment\</FILEPATH>
        <FILENAME>mmio.cpp</FILENAME>
        <LINE>104</LINE>
        <COLUMN>10</COLUMN>
      </SFA>
      <SFA>
        <FILEPATH>c:\users\domowy\documents\visual studio 2015\projects\small_scale_assignment\small_scale_assignment\</FILEPATH>
        <FILENAME>mmio.cpp</FILENAME>
        <LINE>107</LINE>
        <COLUMN>4</COLUMN>
      </SFA>
      <SFA>
        <FILEPATH>c:\users\domowy\documents\visual studio 2015\projects\small_scale_assignment\small_scale_assignment\</FILEPATH>
        <FILENAME>mmio.cpp</FILENAME>
        <LINE>109</LINE>
        <COLUMN>43</COLUMN>
      </SFA>
      <SFA>
        <FILEPATH>c:\users\domowy\documents\visual studio 2015\projects\small_scale_assignment\small_scale_assignment\</FILEPATH>
        <FILENAME>mmio.cpp</FILENAME>
        <LINE>113</LINE>
        <COLUMN>24</COLUMN>
      </SFA>
      <SFA>
        <FILEPATH>c:\users\domowy\documents\visual studio 2015\projects\small_scale_assignment\small_scale_assignment\</FILEPATH>
        <FILENAME>mmio.cpp</FILENAME>
        <LINE>116</LINE>
        <COLUMN>10</COLUMN>
      </SFA>
      <SFA>
        <FILEPATH>c:\users\domowy\documents\visual studio 2015\projects\small_scale_assignment\small_scale_assignment\</FILEPATH>
        <FILENAME>mmio.cpp</FILENAME>
        <LINE>116</LINE>
        <COLUMN>18</COLUMN>
      </SFA>
      <SFA>
        <FILEPATH>c:\users\domowy\documents\visual studio 2015\projects\small_scale_assignment\small_scale_assignment\</FILEPATH>
        <FILENAME>mmio.cpp</FILENAME>
        <LINE>117</LINE>
        <COLUMN>10</COLUMN>
      </SFA>
      <SFA>
        <FILEPATH>c:\users\domowy\documents\visual studio 2015\projects\small_scale_assignment\small_scale_assignment\</FILEPATH>
        <FILENAME>mmio.cpp</FILENAME>
        <LINE>117</LINE>
        <COLUMN>18</COLUMN>
        <KEYEVENT>
          <ID>1</ID>
          <KIND>branch</KIND>
          <IMPORTANCE>Full</IMPORTANCE>
          <MESSAGE>'crd' may be NULL (Skip this loop)</MESSAGE>
        </KEYEVENT>
      </SFA>
      <SFA>
        <FILEPATH>c:\users\domowy\documents\visual studio 2015\projects\small_scale_assignment\small_scale_assignment\</FILEPATH>
        <FILENAME>mmio.cpp</FILENAME>
        <LINE>118</LINE>
        <COLUMN>10</COLUMN>
      </SFA>
      <SFA>
        <FILEPATH>c:\users\domowy\documents\visual studio 2015\projects\small_scale_assignment\small_scale_assignment\</FILEPATH>
        <FILENAME>mmio.cpp</FILENAME>
        <LINE>118</LINE>
        <COLUMN>24</COLUMN>
      </SFA>
      <SFA>
        <FILEPATH>c:\users\domowy\documents\visual studio 2015\projects\small_scale_assignment\small_scale_assignment\</FILEPATH>
        <FILENAME>mmio.cpp</FILENAME>
        <LINE>119</LINE>
        <COLUMN>10</COLUMN>
      </SFA>
      <SFA>
        <FILEPATH>c:\users\domowy\documents\visual studio 2015\projects\small_scale_assignment\small_scale_assignment\</FILEPATH>
        <FILENAME>mmio.cpp</FILENAME>
        <LINE>119</LINE>
        <COLUMN>29</COLUMN>
      </SFA>
      <SFA>
        <FILEPATH>c:\users\domowy\documents\visual studio 2015\projects\small_scale_assignment\small_scale_assignment\</FILEPATH>
        <FILENAME>mmio.cpp</FILENAME>
        <LINE>122</LINE>
        <COLUMN>72</COLUMN>
        <KEYEVENT>
          <ID>2</ID>
          <KIND>branch</KIND>
          <IMPORTANCE>Full</IMPORTANCE>
          <MESSAGE>Skip this branch, (assume '&lt;branch condition&gt;' is false)</MESSAGE>
        </KEYEVENT>
      </SFA>
      <SFA>
        <FILEPATH>c:\users\domowy\documents\visual studio 2015\projects\small_scale_assignment\small_scale_assignment\</FILEPATH>
        <FILENAME>mmio.cpp</FILENAME>
        <LINE>126</LINE>
        <COLUMN>32</COLUMN>
        <KEYEVENT>
          <ID>3</ID>
          <KIND>branch</KIND>
          <IMPORTANCE>Full</IMPORTANCE>
          <MESSAGE>Skip this branch, (assume 'strcmp(mtx, "matrix")!=0' is false)</MESSAGE>
        </KEYEVENT>
      </SFA>
      <SFA>
        <FILEPATH>c:\users\domowy\documents\visual studio 2015\projects\small_scale_assignment\small_scale_assignment\</FILEPATH>
        <FILENAME>mmio.cpp</FILENAME>
        <LINE>128</LINE>
        <COLUMN>4</COLUMN>
      </SFA>
      <SFA>
        <FILEPATH>c:\users\domowy\documents\visual studio 2015\projects\small_scale_assignment\small_scale_assignment\</FILEPATH>
        <FILENAME>mmio.cpp</FILENAME>
        <LINE>135</LINE>
        <COLUMN>35</COLUMN>
        <KEYEVENT>
          <ID>4</ID>
          <KIND>usage</KIND>
          <IMPORTANCE>Full</IMPORTANCE>
          <MESSAGE>'crd' is an Input to 'strcmp' (declared at c:\program files (x86)\windows kits\10\include\10.0.10240.0\ucrt\string.h:95)</MESSAGE>
        </KEYEVENT>
      </SFA>
      <SFA>
        <FILEPATH>c:\users\domowy\documents\visual studio 2015\projects\small_scale_assignment\small_scale_assignment\</FILEPATH>
        <FILENAME>mmio.cpp</FILENAME>
        <LINE>135</LINE>
        <COLUMN>35</COLUMN>
        <KEYEVENT>
          <ID>5</ID>
          <KIND>usage</KIND>
          <IMPORTANCE>Essential</IMPORTANCE>
          <MESSAGE>'crd' is required to be zero-terminated by a SAL annotation on 'strcmp'</MESSAGE>
        </KEYEVENT>
      </SFA>
    </PATH>
  </DEFECT>
  <DEFECT>
    <SFA>
      <FILEPATH>c:\users\domowy\documents\visual studio 2015\projects\small_scale_assignment\small_scale_assignment\</FILEPATH>
      <FILENAME>mmio.cpp</FILENAME>
      <LINE>146</LINE>
      <COLUMN>39</COLUMN>
    </SFA>
    <DEFECTCODE>6054</DEFECTCODE>
    <DESCRIPTION>String 'data_type' might not be zero-terminated.</DESCRIPTION>
    <FUNCTION>mm_read_banner</FUNCTION>
    <DECORATED>?mm_read_banner@@YAHPEAU_iobuf@@PEAY03D@Z</DECORATED>
    <FUNCLINE>96</FUNCLINE>
    <PROBABILITY>1</PROBABILITY>
    <RANK>3</RANK>
    <CATEGORY>
      <RULECATEGORY>mspft</RULECATEGORY>
    </CATEGORY>
    <PATH>
      <SFA>
        <FILEPATH>c:\users\domowy\documents\visual studio 2015\projects\small_scale_assignment\small_scale_assignment\</FILEPATH>
        <FILENAME>mmio.cpp</FILENAME>
        <LINE>98</LINE>
        <COLUMN>9</COLUMN>
      </SFA>
      <SFA>
        <FILEPATH>c:\users\domowy\documents\visual studio 2015\projects\small_scale_assignment\small_scale_assignment\</FILEPATH>
        <FILENAME>mmio.cpp</FILENAME>
        <LINE>99</LINE>
        <COLUMN>9</COLUMN>
      </SFA>
      <SFA>
        <FILEPATH>c:\users\domowy\documents\visual studio 2015\projects\small_scale_assignment\small_scale_assignment\</FILEPATH>
        <FILENAME>mmio.cpp</FILENAME>
        <LINE>100</LINE>
        <COLUMN>9</COLUMN>
      </SFA>
      <SFA>
        <FILEPATH>c:\users\domowy\documents\visual studio 2015\projects\small_scale_assignment\small_scale_assignment\</FILEPATH>
        <FILENAME>mmio.cpp</FILENAME>
        <LINE>101</LINE>
        <COLUMN>9</COLUMN>
      </SFA>
      <SFA>
        <FILEPATH>c:\users\domowy\documents\visual studio 2015\projects\small_scale_assignment\small_scale_assignment\</FILEPATH>
        <FILENAME>mmio.cpp</FILENAME>
        <LINE>102</LINE>
        <COLUMN>9</COLUMN>
      </SFA>
      <SFA>
        <FILEPATH>c:\users\domowy\documents\visual studio 2015\projects\small_scale_assignment\small_scale_assignment\</FILEPATH>
        <FILENAME>mmio.cpp</FILENAME>
        <LINE>103</LINE>
        <COLUMN>9</COLUMN>
      </SFA>
      <SFA>
        <FILEPATH>c:\users\domowy\documents\visual studio 2015\projects\small_scale_assignment\small_scale_assignment\</FILEPATH>
        <FILENAME>mmio.cpp</FILENAME>
        <LINE>104</LINE>
        <COLUMN>10</COLUMN>
      </SFA>
      <SFA>
        <FILEPATH>c:\users\domowy\documents\visual studio 2015\projects\small_scale_assignment\small_scale_assignment\</FILEPATH>
        <FILENAME>mmio.cpp</FILENAME>
        <LINE>107</LINE>
        <COLUMN>4</COLUMN>
      </SFA>
      <SFA>
        <FILEPATH>c:\users\domowy\documents\visual studio 2015\projects\small_scale_assignment\small_scale_assignment\</FILEPATH>
        <FILENAME>mmio.cpp</FILENAME>
        <LINE>109</LINE>
        <COLUMN>43</COLUMN>
      </SFA>
      <SFA>
        <FILEPATH>c:\users\domowy\documents\visual studio 2015\projects\small_scale_assignment\small_scale_assignment\</FILEPATH>
        <FILENAME>mmio.cpp</FILENAME>
        <LINE>113</LINE>
        <COLUMN>24</COLUMN>
      </SFA>
      <SFA>
        <FILEPATH>c:\users\domowy\documents\visual studio 2015\projects\small_scale_assignment\small_scale_assignment\</FILEPATH>
        <FILENAME>mmio.cpp</FILENAME>
        <LINE>116</LINE>
        <COLUMN>10</COLUMN>
      </SFA>
      <SFA>
        <FILEPATH>c:\users\domowy\documents\visual studio 2015\projects\small_scale_assignment\small_scale_assignment\</FILEPATH>
        <FILENAME>mmio.cpp</FILENAME>
        <LINE>116</LINE>
        <COLUMN>18</COLUMN>
      </SFA>
      <SFA>
        <FILEPATH>c:\users\domowy\documents\visual studio 2015\projects\small_scale_assignment\small_scale_assignment\</FILEPATH>
        <FILENAME>mmio.cpp</FILENAME>
        <LINE>117</LINE>
        <COLUMN>10</COLUMN>
      </SFA>
      <SFA>
        <FILEPATH>c:\users\domowy\documents\visual studio 2015\projects\small_scale_assignment\small_scale_assignment\</FILEPATH>
        <FILENAME>mmio.cpp</FILENAME>
        <LINE>117</LINE>
        <COLUMN>18</COLUMN>
      </SFA>
      <SFA>
        <FILEPATH>c:\users\domowy\documents\visual studio 2015\projects\small_scale_assignment\small_scale_assignment\</FILEPATH>
        <FILENAME>mmio.cpp</FILENAME>
        <LINE>118</LINE>
        <COLUMN>10</COLUMN>
      </SFA>
      <SFA>
        <FILEPATH>c:\users\domowy\documents\visual studio 2015\projects\small_scale_assignment\small_scale_assignment\</FILEPATH>
        <FILENAME>mmio.cpp</FILENAME>
        <LINE>118</LINE>
        <COLUMN>24</COLUMN>
        <KEYEVENT>
          <ID>1</ID>
          <KIND>branch</KIND>
          <IMPORTANCE>Full</IMPORTANCE>
          <MESSAGE>'data_type' may be NULL (Skip this loop)</MESSAGE>
        </KEYEVENT>
      </SFA>
      <SFA>
        <FILEPATH>c:\users\domowy\documents\visual studio 2015\projects\small_scale_assignment\small_scale_assignment\</FILEPATH>
        <FILENAME>mmio.cpp</FILENAME>
        <LINE>119</LINE>
        <COLUMN>10</COLUMN>
      </SFA>
      <SFA>
        <FILEPATH>c:\users\domowy\documents\visual studio 2015\projects\small_scale_assignment\small_scale_assignment\</FILEPATH>
        <FILENAME>mmio.cpp</FILENAME>
        <LINE>119</LINE>
        <COLUMN>29</COLUMN>
      </SFA>
      <SFA>
        <FILEPATH>c:\users\domowy\documents\visual studio 2015\projects\small_scale_assignment\small_scale_assignment\</FILEPATH>
        <FILENAME>mmio.cpp</FILENAME>
        <LINE>122</LINE>
        <COLUMN>72</COLUMN>
        <KEYEVENT>
          <ID>2</ID>
          <KIND>branch</KIND>
          <IMPORTANCE>Full</IMPORTANCE>
          <MESSAGE>Skip this branch, (assume '&lt;branch condition&gt;' is false)</MESSAGE>
        </KEYEVENT>
      </SFA>
      <SFA>
        <FILEPATH>c:\users\domowy\documents\visual studio 2015\projects\small_scale_assignment\small_scale_assignment\</FILEPATH>
        <FILENAME>mmio.cpp</FILENAME>
        <LINE>126</LINE>
        <COLUMN>32</COLUMN>
        <KEYEVENT>
          <ID>3</ID>
          <KIND>branch</KIND>
          <IMPORTANCE>Full</IMPORTANCE>
          <MESSAGE>Skip this branch, (assume 'strcmp(mtx, "matrix")!=0' is false)</MESSAGE>
        </KEYEVENT>
      </SFA>
      <SFA>
        <FILEPATH>c:\users\domowy\documents\visual studio 2015\projects\small_scale_assignment\small_scale_assignment\</FILEPATH>
        <FILENAME>mmio.cpp</FILENAME>
        <LINE>128</LINE>
        <COLUMN>4</COLUMN>
      </SFA>
      <SFA>
        <FILEPATH>c:\users\domowy\documents\visual studio 2015\projects\small_scale_assignment\small_scale_assignment\</FILEPATH>
        <FILENAME>mmio.cpp</FILENAME>
        <LINE>135</LINE>
        <COLUMN>35</COLUMN>
        <KEYEVENT>
          <ID>4</ID>
          <KIND>branch</KIND>
          <IMPORTANCE>Full</IMPORTANCE>
          <MESSAGE>Skip this branch, (assume 'strcmp(crd, "coordinate")==0' is false)</MESSAGE>
        </KEYEVENT>
      </SFA>
      <SFA>
        <FILEPATH>c:\users\domowy\documents\visual studio 2015\projects\small_scale_assignment\small_scale_assignment\</FILEPATH>
        <FILENAME>mmio.cpp</FILENAME>
        <LINE>138</LINE>
        <COLUMN>34</COLUMN>
        <KEYEVENT>
          <ID>5</ID>
          <KIND>branch</KIND>
          <IMPORTANCE>Full</IMPORTANCE>
          <MESSAGE>Enter this branch, (assume 'strcmp(crd, "array")==0')</MESSAGE>
        </KEYEVENT>
      </SFA>
      <SFA>
        <FILEPATH>c:\users\domowy\documents\visual studio 2015\projects\small_scale_assignment\small_scale_assignment\</FILEPATH>
        <FILENAME>mmio.cpp</FILENAME>
        <LINE>139</LINE>
        <COLUMN>12</COLUMN>
      </SFA>
      <SFA>
        <FILEPATH>c:\users\domowy\documents\visual studio 2015\projects\small_scale_assignment\small_scale_assignment\</FILEPATH>
        <FILENAME>mmio.cpp</FILENAME>
        <LINE>146</LINE>
        <COLUMN>39</COLUMN>
        <KEYEVENT>
          <ID>6</ID>
          <KIND>usage</KIND>
          <IMPORTANCE>Full</IMPORTANCE>
          <MESSAGE>'data_type' is an Input to 'strcmp' (declared at c:\program files (x86)\windows kits\10\include\10.0.10240.0\ucrt\string.h:95)</MESSAGE>
        </KEYEVENT>
      </SFA>
      <SFA>
        <FILEPATH>c:\users\domowy\documents\visual studio 2015\projects\small_scale_assignment\small_scale_assignment\</FILEPATH>
        <FILENAME>mmio.cpp</FILENAME>
        <LINE>146</LINE>
        <COLUMN>39</COLUMN>
        <KEYEVENT>
          <ID>7</ID>
          <KIND>usage</KIND>
          <IMPORTANCE>Essential</IMPORTANCE>
          <MESSAGE>'data_type' is required to be zero-terminated by a SAL annotation on 'strcmp'</MESSAGE>
        </KEYEVENT>
      </SFA>
    </PATH>
  </DEFECT>
  <DEFECT>
    <SFA>
      <FILEPATH>c:\users\domowy\documents\visual studio 2015\projects\small_scale_assignment\small_scale_assignment\</FILEPATH>
      <FILENAME>mmio.cpp</FILENAME>
      <LINE>452</LINE>
      <COLUMN>1</COLUMN>
    </SFA>
    <DEFECTCODE>6387</DEFECTCODE>
    <DESCRIPTION>'s2' could be '0':  this does not adhere to the specification for the function 'strcpy'. </DESCRIPTION>
    <FUNCTION>mm_strdup</FUNCTION>
    <DECORATED>?mm_strdup@@YAPEADPEBD@Z</DECORATED>
    <FUNCLINE>448</FUNCLINE>
    <PROBABILITY>1</PROBABILITY>
    <RANK>4</RANK>
    <CATEGORY>
      <RULECATEGORY>mspft</RULECATEGORY>
    </CATEGORY>
    <PATH>
      <SFA>
        <FILEPATH>c:\users\domowy\documents\visual studio 2015\projects\small_scale_assignment\small_scale_assignment\</FILEPATH>
        <FILENAME>mmio.cpp</FILENAME>
        <LINE>450</LINE>
        <COLUMN>5</COLUMN>
      </SFA>
      <SFA>
        <FILEPATH>c:\users\domowy\documents\visual studio 2015\projects\small_scale_assignment\small_scale_assignment\</FILEPATH>
        <FILENAME>mmio.cpp</FILENAME>
        <LINE>451</LINE>
        <COLUMN>6</COLUMN>
        <KEYEVENT>
          <ID>1</ID>
          <KIND>declaration</KIND>
          <IMPORTANCE>Essential</IMPORTANCE>
          <MESSAGE>'s2' may be NULL</MESSAGE>
        </KEYEVENT>
      </SFA>
      <SFA>
        <FILEPATH>c:\users\domowy\documents\visual studio 2015\projects\small_scale_assignment\small_scale_assignment\</FILEPATH>
        <FILENAME>mmio.cpp</FILENAME>
        <LINE>452</LINE>
        <COLUMN>1</COLUMN>
        <KEYEVENT>
          <ID>2</ID>
          <KIND>declaration</KIND>
          <IMPORTANCE>Full</IMPORTANCE>
          <MESSAGE>'s2' is an In/Out argument to 'strcpy' (declared at c:\program files (x86)\windows kits\10\include\10.0.10240.0\ucrt\string.h:119)</MESSAGE>
        </KEYEVENT>
      </SFA>
      <SFA>
        <FILEPATH>c:\users\domowy\documents\visual studio 2015\projects\small_scale_assignment\small_scale_assignment\</FILEPATH>
        <FILENAME>mmio.cpp</FILENAME>
        <LINE>452</LINE>
        <COLUMN>1</COLUMN>
        <KEYEVENT>
          <ID>3</ID>
          <KIND>usage</KIND>
          <IMPORTANCE>Essential</IMPORTANCE>
          <MESSAGE>'s2' should not be NULL, because this is not consistent with the SAL annotation on 'strcpy'</MESSAGE>
        </KEYEVENT>
      </SFA>
    </PATH>
  </DEFECT>
</DEFECTS>