<?xml version="1.0" encoding="UTF-8"?>
<DEFECTS>
  <DEFECT>
    <SFA>
      <FILEPATH>c:\users\domowy\documents\visual studio 2015\projects\small_scale_assignment\small_scale_assignment\</FILEPATH>
      <FILENAME>openmp.cpp</FILENAME>
      <LINE>19</LINE>
      <COLUMN>8</COLUMN>
    </SFA>
    <DEFECTCODE>6993</DEFECTCODE>
    <DESCRIPTION>Code analysis ignores OpenMP constructs; analyzing single-threaded code.</DESCRIPTION>
    <FUNCTION></FUNCTION>
    <DECORATED></DECORATED>
    <FUNCLINE>0</FUNCLINE>
    <PATH></PATH>
  </DEFECT>
  <DEFECT>
    <SFA>
      <FILEPATH>c:\users\domowy\documents\visual studio 2015\projects\small_scale_assignment\small_scale_assignment\</FILEPATH>
      <FILENAME>openmp.cpp</FILENAME>
      <LINE>20</LINE>
      <COLUMN>8</COLUMN>
    </SFA>
    <DEFECTCODE>6246</DEFECTCODE>
    <DESCRIPTION>Local declaration of 'index' hides declaration of the same name in outer scope. For additional information, see previous declaration at line '16' of 'c:\users\domowy\documents\visual studio 2015\projects\small_scale_assignment\small_scale_assignment\openmp.cpp'.</DESCRIPTION>
    <FUNCTION>OpenMP::OpenMPSolver</FUNCTION>
    <DECORATED>?OpenMPSolver@OpenMP@@QEAAXAEAVReadMatrixCSR@@AEAV?$vector@NV?$allocator@N@std@@@std@@1IAEAN@Z</DECORATED>
    <FUNCLINE>13</FUNCLINE>
    <PATH>
      <SFA>
        <FILEPATH>c:\users\domowy\documents\visual studio 2015\projects\small_scale_assignment\small_scale_assignment\</FILEPATH>
        <FILENAME>openmp.cpp</FILENAME>
        <LINE>16</LINE>
        <COLUMN>19</COLUMN>
      </SFA>
    </PATH>
  </DEFECT>
</DEFECTS>