<?xml version="1.0" encoding="UTF-8"?>
<DEFECTS>
  <DEFECT>
    <SFA>
      <FILEPATH>c:\users\domowy\documents\visual studio 2015\projects\small_scale_assignment\small_scale_assignment\</FILEPATH>
      <FILENAME>readmatrixcsr.cpp</FILENAME>
      <LINE>55</LINE>
      <COLUMN>8</COLUMN>
    </SFA>
    <DEFECTCODE>6031</DEFECTCODE>
    <DESCRIPTION>Return value ignored: 'fscanf'.</DESCRIPTION>
    <FUNCTION>ReadMatrixCSR::{ctor}</FUNCTION>
    <DECORATED>??0ReadMatrixCSR@@QEAA@V?$basic_string@DU?$char_traits@D@std@@V?$allocator@D@2@@std@@@Z</DECORATED>
    <FUNCLINE>6</FUNCLINE>
    <PATH></PATH>
  </DEFECT>
  <DEFECT>
    <SFA>
      <FILEPATH>c:\users\domowy\documents\visual studio 2015\projects\small_scale_assignment\small_scale_assignment\</FILEPATH>
      <FILENAME>readmatrixcsr.cpp</FILENAME>
      <LINE>73</LINE>
      <COLUMN>19</COLUMN>
    </SFA>
    <DEFECTCODE>6385</DEFECTCODE>
    <DESCRIPTION>Reading invalid data from 'matrixValue':  the readable size is 'nz*sizeof(double)' bytes, but '16' bytes may be read.</DESCRIPTION>
    <FUNCTION>ReadMatrixCSR::{ctor}</FUNCTION>
    <DECORATED>??0ReadMatrixCSR@@QEAA@V?$basic_string@DU?$char_traits@D@std@@V?$allocator@D@2@@std@@@Z</DECORATED>
    <FUNCLINE>6</FUNCLINE>
    <PROBABILITY>1</PROBABILITY>
    <RANK>4</RANK>
    <CATEGORY>
      <RULECATEGORY>mspft</RULECATEGORY>
    </CATEGORY>
    <PATH>
      <SFA>
        <FILEPATH>c:\users\domowy\documents\visual studio 2015\projects\small_scale_assignment\small_scale_assignment\</FILEPATH>
        <FILENAME>readmatrixcsr.cpp</FILENAME>
        <LINE>7</LINE>
        <COLUMN>0</COLUMN>
      </SFA>
      <SFA>
        <FILEPATH>c:\users\domowy\documents\visual studio 2015\projects\small_scale_assignment\small_scale_assignment\</FILEPATH>
        <FILENAME>readmatrixcsr.cpp</FILENAME>
        <LINE>9</LINE>
        <COLUMN>42</COLUMN>
        <KEYEVENT>
          <ID>1</ID>
          <KIND>branch</KIND>
          <IMPORTANCE>Full</IMPORTANCE>
          <MESSAGE>Skip this branch, (assume '&lt;branch condition&gt;' is false)</MESSAGE>
        </KEYEVENT>
      </SFA>
      <SFA>
        <FILEPATH>c:\users\domowy\documents\visual studio 2015\projects\small_scale_assignment\small_scale_assignment\</FILEPATH>
        <FILENAME>readmatrixcsr.cpp</FILENAME>
        <LINE>16</LINE>
        <COLUMN>33</COLUMN>
        <KEYEVENT>
          <ID>2</ID>
          <KIND>branch</KIND>
          <IMPORTANCE>Full</IMPORTANCE>
          <MESSAGE>Skip this branch, (assume '&lt;branch condition&gt;' is false)</MESSAGE>
        </KEYEVENT>
      </SFA>
      <SFA>
        <FILEPATH>c:\users\domowy\documents\visual studio 2015\projects\small_scale_assignment\small_scale_assignment\</FILEPATH>
        <FILENAME>readmatrixcsr.cpp</FILENAME>
        <LINE>26</LINE>
        <COLUMN>53</COLUMN>
        <KEYEVENT>
          <ID>3</ID>
          <KIND>branch</KIND>
          <IMPORTANCE>Full</IMPORTANCE>
          <MESSAGE>Skip this branch, (assume '&lt;branch condition&gt;' is false)</MESSAGE>
        </KEYEVENT>
      </SFA>
      <SFA>
        <FILEPATH>c:\users\domowy\documents\visual studio 2015\projects\small_scale_assignment\small_scale_assignment\</FILEPATH>
        <FILENAME>readmatrixcsr.cpp</FILENAME>
        <LINE>36</LINE>
        <COLUMN>55</COLUMN>
        <KEYEVENT>
          <ID>4</ID>
          <KIND>branch</KIND>
          <IMPORTANCE>Full</IMPORTANCE>
          <MESSAGE>Skip this branch, (assume '&lt;branch condition&gt;' is false)</MESSAGE>
        </KEYEVENT>
      </SFA>
      <SFA>
        <FILEPATH>c:\users\domowy\documents\visual studio 2015\projects\small_scale_assignment\small_scale_assignment\</FILEPATH>
        <FILENAME>readmatrixcsr.cpp</FILENAME>
        <LINE>42</LINE>
        <COLUMN>3</COLUMN>
      </SFA>
      <SFA>
        <FILEPATH>c:\users\domowy\documents\visual studio 2015\projects\small_scale_assignment\small_scale_assignment\</FILEPATH>
        <FILENAME>readmatrixcsr.cpp</FILENAME>
        <LINE>43</LINE>
        <COLUMN>3</COLUMN>
      </SFA>
      <SFA>
        <FILEPATH>c:\users\domowy\documents\visual studio 2015\projects\small_scale_assignment\small_scale_assignment\</FILEPATH>
        <FILENAME>readmatrixcsr.cpp</FILENAME>
        <LINE>44</LINE>
        <COLUMN>13</COLUMN>
      </SFA>
      <SFA>
        <FILEPATH>c:\users\domowy\documents\visual studio 2015\projects\small_scale_assignment\small_scale_assignment\</FILEPATH>
        <FILENAME>readmatrixcsr.cpp</FILENAME>
        <LINE>53</LINE>
        <COLUMN>8</COLUMN>
      </SFA>
      <SFA>
        <FILEPATH>c:\users\domowy\documents\visual studio 2015\projects\small_scale_assignment\small_scale_assignment\</FILEPATH>
        <FILENAME>readmatrixcsr.cpp</FILENAME>
        <LINE>53</LINE>
        <COLUMN>14</COLUMN>
      </SFA>
      <SFA>
        <FILEPATH>c:\users\domowy\documents\visual studio 2015\projects\small_scale_assignment\small_scale_assignment\</FILEPATH>
        <FILENAME>readmatrixcsr.cpp</FILENAME>
        <LINE>55</LINE>
        <COLUMN>8</COLUMN>
      </SFA>
      <SFA>
        <FILEPATH>c:\users\domowy\documents\visual studio 2015\projects\small_scale_assignment\small_scale_assignment\</FILEPATH>
        <FILENAME>readmatrixcsr.cpp</FILENAME>
        <LINE>56</LINE>
        <COLUMN>6</COLUMN>
      </SFA>
      <SFA>
        <FILEPATH>c:\users\domowy\documents\visual studio 2015\projects\small_scale_assignment\small_scale_assignment\</FILEPATH>
        <FILENAME>readmatrixcsr.cpp</FILENAME>
        <LINE>57</LINE>
        <COLUMN>6</COLUMN>
      </SFA>
      <SFA>
        <FILEPATH>c:\users\domowy\documents\visual studio 2015\projects\small_scale_assignment\small_scale_assignment\</FILEPATH>
        <FILENAME>readmatrixcsr.cpp</FILENAME>
        <LINE>53</LINE>
        <COLUMN>20</COLUMN>
      </SFA>
      <SFA>
        <FILEPATH>c:\users\domowy\documents\visual studio 2015\projects\small_scale_assignment\small_scale_assignment\</FILEPATH>
        <FILENAME>readmatrixcsr.cpp</FILENAME>
        <LINE>53</LINE>
        <COLUMN>14</COLUMN>
      </SFA>
      <SFA>
        <FILEPATH>c:\users\domowy\documents\visual studio 2015\projects\small_scale_assignment\small_scale_assignment\</FILEPATH>
        <FILENAME>readmatrixcsr.cpp</FILENAME>
        <LINE>55</LINE>
        <COLUMN>8</COLUMN>
      </SFA>
      <SFA>
        <FILEPATH>c:\users\domowy\documents\visual studio 2015\projects\small_scale_assignment\small_scale_assignment\</FILEPATH>
        <FILENAME>readmatrixcsr.cpp</FILENAME>
        <LINE>56</LINE>
        <COLUMN>6</COLUMN>
      </SFA>
      <SFA>
        <FILEPATH>c:\users\domowy\documents\visual studio 2015\projects\small_scale_assignment\small_scale_assignment\</FILEPATH>
        <FILENAME>readmatrixcsr.cpp</FILENAME>
        <LINE>57</LINE>
        <COLUMN>6</COLUMN>
      </SFA>
      <SFA>
        <FILEPATH>c:\users\domowy\documents\visual studio 2015\projects\small_scale_assignment\small_scale_assignment\</FILEPATH>
        <FILENAME>readmatrixcsr.cpp</FILENAME>
        <LINE>53</LINE>
        <COLUMN>20</COLUMN>
      </SFA>
      <SFA>
        <FILEPATH>c:\users\domowy\documents\visual studio 2015\projects\small_scale_assignment\small_scale_assignment\</FILEPATH>
        <FILENAME>readmatrixcsr.cpp</FILENAME>
        <LINE>53</LINE>
        <COLUMN>14</COLUMN>
      </SFA>
      <SFA>
        <FILEPATH>c:\users\domowy\documents\visual studio 2015\projects\small_scale_assignment\small_scale_assignment\</FILEPATH>
        <FILENAME>readmatrixcsr.cpp</FILENAME>
        <LINE>60</LINE>
        <COLUMN>7</COLUMN>
        <KEYEVENT>
          <ID>5</ID>
          <KIND>branch</KIND>
          <IMPORTANCE>Full</IMPORTANCE>
          <MESSAGE>Skip this branch, (assume 'f!=((__acrt_iob_func(0)))' is false)</MESSAGE>
        </KEYEVENT>
      </SFA>
      <SFA>
        <FILEPATH>c:\users\domowy\documents\visual studio 2015\projects\small_scale_assignment\small_scale_assignment\</FILEPATH>
        <FILENAME>readmatrixcsr.cpp</FILENAME>
        <LINE>62</LINE>
        <COLUMN>12</COLUMN>
      </SFA>
      <SFA>
        <FILEPATH>c:\users\domowy\documents\visual studio 2015\projects\small_scale_assignment\small_scale_assignment\</FILEPATH>
        <FILENAME>readmatrixcsr.cpp</FILENAME>
        <LINE>63</LINE>
        <COLUMN>13</COLUMN>
      </SFA>
      <SFA>
        <FILEPATH>c:\users\domowy\documents\visual studio 2015\projects\small_scale_assignment\small_scale_assignment\</FILEPATH>
        <FILENAME>readmatrixcsr.cpp</FILENAME>
        <LINE>64</LINE>
        <COLUMN>12</COLUMN>
      </SFA>
      <SFA>
        <FILEPATH>c:\users\domowy\documents\visual studio 2015\projects\small_scale_assignment\small_scale_assignment\</FILEPATH>
        <FILENAME>readmatrixcsr.cpp</FILENAME>
        <LINE>65</LINE>
        <COLUMN>16</COLUMN>
      </SFA>
      <SFA>
        <FILEPATH>c:\users\domowy\documents\visual studio 2015\projects\small_scale_assignment\small_scale_assignment\</FILEPATH>
        <FILENAME>readmatrixcsr.cpp</FILENAME>
        <LINE>66</LINE>
        <COLUMN>16</COLUMN>
      </SFA>
      <SFA>
        <FILEPATH>c:\users\domowy\documents\visual studio 2015\projects\small_scale_assignment\small_scale_assignment\</FILEPATH>
        <FILENAME>readmatrixcsr.cpp</FILENAME>
        <LINE>68</LINE>
        <COLUMN>103</COLUMN>
      </SFA>
      <SFA>
        <FILEPATH>c:\users\domowy\documents\visual studio 2015\projects\small_scale_assignment\small_scale_assignment\</FILEPATH>
        <FILENAME>readmatrixcsr.cpp</FILENAME>
        <LINE>70</LINE>
        <COLUMN>21</COLUMN>
      </SFA>
      <SFA>
        <FILEPATH>c:\users\domowy\documents\visual studio 2015\projects\small_scale_assignment\small_scale_assignment\</FILEPATH>
        <FILENAME>readmatrixcsr.cpp</FILENAME>
        <LINE>71</LINE>
        <COLUMN>10</COLUMN>
      </SFA>
      <SFA>
        <FILEPATH>c:\users\domowy\documents\visual studio 2015\projects\small_scale_assignment\small_scale_assignment\</FILEPATH>
        <FILENAME>readmatrixcsr.cpp</FILENAME>
        <LINE>71</LINE>
        <COLUMN>19</COLUMN>
        <KEYEVENT>
          <ID>6</ID>
          <KIND>branch</KIND>
          <IMPORTANCE>Full</IMPORTANCE>
          <MESSAGE>Enter this loop, (assume 'i&lt;nz')</MESSAGE>
        </KEYEVENT>
      </SFA>
      <SFA>
        <FILEPATH>c:\users\domowy\documents\visual studio 2015\projects\small_scale_assignment\small_scale_assignment\</FILEPATH>
        <FILENAME>readmatrixcsr.cpp</FILENAME>
        <LINE>73</LINE>
        <COLUMN>19</COLUMN>
      </SFA>
      <SFA>
        <FILEPATH>c:\users\domowy\documents\visual studio 2015\projects\small_scale_assignment\small_scale_assignment\</FILEPATH>
        <FILENAME>readmatrixcsr.cpp</FILENAME>
        <LINE>71</LINE>
        <COLUMN>25</COLUMN>
        <KEYEVENT>
          <ID>7</ID>
          <KIND>declaration</KIND>
          <IMPORTANCE>Essential</IMPORTANCE>
          <MESSAGE>'i' may equal 1</MESSAGE>
        </KEYEVENT>
      </SFA>
      <SFA>
        <FILEPATH>c:\users\domowy\documents\visual studio 2015\projects\small_scale_assignment\small_scale_assignment\</FILEPATH>
        <FILENAME>readmatrixcsr.cpp</FILENAME>
        <LINE>71</LINE>
        <COLUMN>19</COLUMN>
        <KEYEVENT>
          <ID>8</ID>
          <KIND>branch</KIND>
          <IMPORTANCE>Full</IMPORTANCE>
          <MESSAGE>Continue this loop, (assume 'i&lt;nz')</MESSAGE>
        </KEYEVENT>
      </SFA>
      <SFA>
        <FILEPATH>c:\users\domowy\documents\visual studio 2015\projects\small_scale_assignment\small_scale_assignment\</FILEPATH>
        <FILENAME>readmatrixcsr.cpp</FILENAME>
        <LINE>73</LINE>
        <COLUMN>19</COLUMN>
        <KEYEVENT>
          <ID>9</ID>
          <KIND>declaration</KIND>
          <IMPORTANCE>Full</IMPORTANCE>
          <MESSAGE>'i' is an Output from 'std::make_tuple' (declared at c:\program files (x86)\microsoft visual studio 14.0\vc\include\tuple:965)</MESSAGE>
        </KEYEVENT>
      </SFA>
      <SFA>
        <FILEPATH>c:\users\domowy\documents\visual studio 2015\projects\small_scale_assignment\small_scale_assignment\</FILEPATH>
        <FILENAME>readmatrixcsr.cpp</FILENAME>
        <LINE>73</LINE>
        <COLUMN>19</COLUMN>
        <KEYEVENT>
          <ID>10</ID>
          <KIND>usage</KIND>
          <IMPORTANCE>Essential</IMPORTANCE>
          <MESSAGE>Invalid read from 'matrixValue', (outside its readable range)</MESSAGE>
        </KEYEVENT>
      </SFA>
    </PATH>
  </DEFECT>
  <DEFECT>
    <SFA>
      <FILEPATH>c:\users\domowy\documents\visual studio 2015\projects\small_scale_assignment\small_scale_assignment\</FILEPATH>
      <FILENAME>readmatrixcsr.cpp</FILENAME>
      <LINE>56</LINE>
      <COLUMN>6</COLUMN>
    </SFA>
    <DEFECTCODE>6385</DEFECTCODE>
    <DESCRIPTION>Reading invalid data from 'I':  the readable size is 'nz*sizeof(int)' bytes, but '8' bytes may be read.</DESCRIPTION>
    <FUNCTION>ReadMatrixCSR::{ctor}</FUNCTION>
    <DECORATED>??0ReadMatrixCSR@@QEAA@V?$basic_string@DU?$char_traits@D@std@@V?$allocator@D@2@@std@@@Z</DECORATED>
    <FUNCLINE>6</FUNCLINE>
    <PROBABILITY>1</PROBABILITY>
    <RANK>4</RANK>
    <CATEGORY>
      <RULECATEGORY>mspft</RULECATEGORY>
    </CATEGORY>
    <PATH>
      <SFA>
        <FILEPATH>c:\users\domowy\documents\visual studio 2015\projects\small_scale_assignment\small_scale_assignment\</FILEPATH>
        <FILENAME>readmatrixcsr.cpp</FILENAME>
        <LINE>7</LINE>
        <COLUMN>0</COLUMN>
      </SFA>
      <SFA>
        <FILEPATH>c:\users\domowy\documents\visual studio 2015\projects\small_scale_assignment\small_scale_assignment\</FILEPATH>
        <FILENAME>readmatrixcsr.cpp</FILENAME>
        <LINE>9</LINE>
        <COLUMN>42</COLUMN>
        <KEYEVENT>
          <ID>1</ID>
          <KIND>branch</KIND>
          <IMPORTANCE>Full</IMPORTANCE>
          <MESSAGE>Skip this branch, (assume '&lt;branch condition&gt;' is false)</MESSAGE>
        </KEYEVENT>
      </SFA>
      <SFA>
        <FILEPATH>c:\users\domowy\documents\visual studio 2015\projects\small_scale_assignment\small_scale_assignment\</FILEPATH>
        <FILENAME>readmatrixcsr.cpp</FILENAME>
        <LINE>16</LINE>
        <COLUMN>33</COLUMN>
        <KEYEVENT>
          <ID>2</ID>
          <KIND>branch</KIND>
          <IMPORTANCE>Full</IMPORTANCE>
          <MESSAGE>Skip this branch, (assume '&lt;branch condition&gt;' is false)</MESSAGE>
        </KEYEVENT>
      </SFA>
      <SFA>
        <FILEPATH>c:\users\domowy\documents\visual studio 2015\projects\small_scale_assignment\small_scale_assignment\</FILEPATH>
        <FILENAME>readmatrixcsr.cpp</FILENAME>
        <LINE>26</LINE>
        <COLUMN>53</COLUMN>
        <KEYEVENT>
          <ID>3</ID>
          <KIND>branch</KIND>
          <IMPORTANCE>Full</IMPORTANCE>
          <MESSAGE>Skip this branch, (assume '&lt;branch condition&gt;' is false)</MESSAGE>
        </KEYEVENT>
      </SFA>
      <SFA>
        <FILEPATH>c:\users\domowy\documents\visual studio 2015\projects\small_scale_assignment\small_scale_assignment\</FILEPATH>
        <FILENAME>readmatrixcsr.cpp</FILENAME>
        <LINE>36</LINE>
        <COLUMN>55</COLUMN>
        <KEYEVENT>
          <ID>4</ID>
          <KIND>branch</KIND>
          <IMPORTANCE>Full</IMPORTANCE>
          <MESSAGE>Skip this branch, (assume '&lt;branch condition&gt;' is false)</MESSAGE>
        </KEYEVENT>
      </SFA>
      <SFA>
        <FILEPATH>c:\users\domowy\documents\visual studio 2015\projects\small_scale_assignment\small_scale_assignment\</FILEPATH>
        <FILENAME>readmatrixcsr.cpp</FILENAME>
        <LINE>42</LINE>
        <COLUMN>3</COLUMN>
      </SFA>
      <SFA>
        <FILEPATH>c:\users\domowy\documents\visual studio 2015\projects\small_scale_assignment\small_scale_assignment\</FILEPATH>
        <FILENAME>readmatrixcsr.cpp</FILENAME>
        <LINE>43</LINE>
        <COLUMN>3</COLUMN>
      </SFA>
      <SFA>
        <FILEPATH>c:\users\domowy\documents\visual studio 2015\projects\small_scale_assignment\small_scale_assignment\</FILEPATH>
        <FILENAME>readmatrixcsr.cpp</FILENAME>
        <LINE>44</LINE>
        <COLUMN>13</COLUMN>
      </SFA>
      <SFA>
        <FILEPATH>c:\users\domowy\documents\visual studio 2015\projects\small_scale_assignment\small_scale_assignment\</FILEPATH>
        <FILENAME>readmatrixcsr.cpp</FILENAME>
        <LINE>53</LINE>
        <COLUMN>8</COLUMN>
      </SFA>
      <SFA>
        <FILEPATH>c:\users\domowy\documents\visual studio 2015\projects\small_scale_assignment\small_scale_assignment\</FILEPATH>
        <FILENAME>readmatrixcsr.cpp</FILENAME>
        <LINE>53</LINE>
        <COLUMN>14</COLUMN>
        <KEYEVENT>
          <ID>5</ID>
          <KIND>branch</KIND>
          <IMPORTANCE>Full</IMPORTANCE>
          <MESSAGE>Enter this loop, (assume 'i&lt;nz')</MESSAGE>
        </KEYEVENT>
      </SFA>
      <SFA>
        <FILEPATH>c:\users\domowy\documents\visual studio 2015\projects\small_scale_assignment\small_scale_assignment\</FILEPATH>
        <FILENAME>readmatrixcsr.cpp</FILENAME>
        <LINE>55</LINE>
        <COLUMN>8</COLUMN>
        <KEYEVENT>
          <ID>6</ID>
          <KIND>declaration</KIND>
          <IMPORTANCE>Full</IMPORTANCE>
          <MESSAGE>'i' is an Output from 'fscanf' (declared at c:\program files (x86)\windows kits\10\include\10.0.10240.0\ucrt\stdio.h:1193)</MESSAGE>
        </KEYEVENT>
      </SFA>
      <SFA>
        <FILEPATH>c:\users\domowy\documents\visual studio 2015\projects\small_scale_assignment\small_scale_assignment\</FILEPATH>
        <FILENAME>readmatrixcsr.cpp</FILENAME>
        <LINE>56</LINE>
        <COLUMN>6</COLUMN>
      </SFA>
      <SFA>
        <FILEPATH>c:\users\domowy\documents\visual studio 2015\projects\small_scale_assignment\small_scale_assignment\</FILEPATH>
        <FILENAME>readmatrixcsr.cpp</FILENAME>
        <LINE>57</LINE>
        <COLUMN>6</COLUMN>
      </SFA>
      <SFA>
        <FILEPATH>c:\users\domowy\documents\visual studio 2015\projects\small_scale_assignment\small_scale_assignment\</FILEPATH>
        <FILENAME>readmatrixcsr.cpp</FILENAME>
        <LINE>53</LINE>
        <COLUMN>20</COLUMN>
      </SFA>
      <SFA>
        <FILEPATH>c:\users\domowy\documents\visual studio 2015\projects\small_scale_assignment\small_scale_assignment\</FILEPATH>
        <FILENAME>readmatrixcsr.cpp</FILENAME>
        <LINE>53</LINE>
        <COLUMN>14</COLUMN>
        <KEYEVENT>
          <ID>7</ID>
          <KIND>branch</KIND>
          <IMPORTANCE>Full</IMPORTANCE>
          <MESSAGE>Continue this loop, (assume 'i&lt;nz')</MESSAGE>
        </KEYEVENT>
      </SFA>
      <SFA>
        <FILEPATH>c:\users\domowy\documents\visual studio 2015\projects\small_scale_assignment\small_scale_assignment\</FILEPATH>
        <FILENAME>readmatrixcsr.cpp</FILENAME>
        <LINE>55</LINE>
        <COLUMN>8</COLUMN>
        <KEYEVENT>
          <ID>8</ID>
          <KIND>declaration</KIND>
          <IMPORTANCE>Full</IMPORTANCE>
          <MESSAGE>'i' is an Output from 'fscanf' (declared at c:\program files (x86)\windows kits\10\include\10.0.10240.0\ucrt\stdio.h:1193)</MESSAGE>
        </KEYEVENT>
      </SFA>
      <SFA>
        <FILEPATH>c:\users\domowy\documents\visual studio 2015\projects\small_scale_assignment\small_scale_assignment\</FILEPATH>
        <FILENAME>readmatrixcsr.cpp</FILENAME>
        <LINE>56</LINE>
        <COLUMN>6</COLUMN>
        <KEYEVENT>
          <ID>9</ID>
          <KIND>usage</KIND>
          <IMPORTANCE>Essential</IMPORTANCE>
          <MESSAGE>Invalid read from 'I', (outside its readable range)</MESSAGE>
        </KEYEVENT>
      </SFA>
    </PATH>
  </DEFECT>
  <DEFECT>
    <SFA>
      <FILEPATH>c:\users\domowy\documents\visual studio 2015\projects\small_scale_assignment\small_scale_assignment\</FILEPATH>
      <FILENAME>readmatrixcsr.cpp</FILENAME>
      <LINE>57</LINE>
      <COLUMN>6</COLUMN>
    </SFA>
    <DEFECTCODE>6385</DEFECTCODE>
    <DESCRIPTION>Reading invalid data from 'J':  the readable size is 'nz*sizeof(int)' bytes, but '8' bytes may be read.</DESCRIPTION>
    <FUNCTION>ReadMatrixCSR::{ctor}</FUNCTION>
    <DECORATED>??0ReadMatrixCSR@@QEAA@V?$basic_string@DU?$char_traits@D@std@@V?$allocator@D@2@@std@@@Z</DECORATED>
    <FUNCLINE>6</FUNCLINE>
    <PROBABILITY>1</PROBABILITY>
    <RANK>4</RANK>
    <CATEGORY>
      <RULECATEGORY>mspft</RULECATEGORY>
    </CATEGORY>
    <PATH>
      <SFA>
        <FILEPATH>c:\users\domowy\documents\visual studio 2015\projects\small_scale_assignment\small_scale_assignment\</FILEPATH>
        <FILENAME>readmatrixcsr.cpp</FILENAME>
        <LINE>7</LINE>
        <COLUMN>0</COLUMN>
      </SFA>
      <SFA>
        <FILEPATH>c:\users\domowy\documents\visual studio 2015\projects\small_scale_assignment\small_scale_assignment\</FILEPATH>
        <FILENAME>readmatrixcsr.cpp</FILENAME>
        <LINE>9</LINE>
        <COLUMN>42</COLUMN>
        <KEYEVENT>
          <ID>1</ID>
          <KIND>branch</KIND>
          <IMPORTANCE>Full</IMPORTANCE>
          <MESSAGE>Skip this branch, (assume '&lt;branch condition&gt;' is false)</MESSAGE>
        </KEYEVENT>
      </SFA>
      <SFA>
        <FILEPATH>c:\users\domowy\documents\visual studio 2015\projects\small_scale_assignment\small_scale_assignment\</FILEPATH>
        <FILENAME>readmatrixcsr.cpp</FILENAME>
        <LINE>16</LINE>
        <COLUMN>33</COLUMN>
        <KEYEVENT>
          <ID>2</ID>
          <KIND>branch</KIND>
          <IMPORTANCE>Full</IMPORTANCE>
          <MESSAGE>Skip this branch, (assume '&lt;branch condition&gt;' is false)</MESSAGE>
        </KEYEVENT>
      </SFA>
      <SFA>
        <FILEPATH>c:\users\domowy\documents\visual studio 2015\projects\small_scale_assignment\small_scale_assignment\</FILEPATH>
        <FILENAME>readmatrixcsr.cpp</FILENAME>
        <LINE>26</LINE>
        <COLUMN>53</COLUMN>
        <KEYEVENT>
          <ID>3</ID>
          <KIND>branch</KIND>
          <IMPORTANCE>Full</IMPORTANCE>
          <MESSAGE>Skip this branch, (assume '&lt;branch condition&gt;' is false)</MESSAGE>
        </KEYEVENT>
      </SFA>
      <SFA>
        <FILEPATH>c:\users\domowy\documents\visual studio 2015\projects\small_scale_assignment\small_scale_assignment\</FILEPATH>
        <FILENAME>readmatrixcsr.cpp</FILENAME>
        <LINE>36</LINE>
        <COLUMN>55</COLUMN>
        <KEYEVENT>
          <ID>4</ID>
          <KIND>branch</KIND>
          <IMPORTANCE>Full</IMPORTANCE>
          <MESSAGE>Skip this branch, (assume '&lt;branch condition&gt;' is false)</MESSAGE>
        </KEYEVENT>
      </SFA>
      <SFA>
        <FILEPATH>c:\users\domowy\documents\visual studio 2015\projects\small_scale_assignment\small_scale_assignment\</FILEPATH>
        <FILENAME>readmatrixcsr.cpp</FILENAME>
        <LINE>42</LINE>
        <COLUMN>3</COLUMN>
      </SFA>
      <SFA>
        <FILEPATH>c:\users\domowy\documents\visual studio 2015\projects\small_scale_assignment\small_scale_assignment\</FILEPATH>
        <FILENAME>readmatrixcsr.cpp</FILENAME>
        <LINE>43</LINE>
        <COLUMN>3</COLUMN>
      </SFA>
      <SFA>
        <FILEPATH>c:\users\domowy\documents\visual studio 2015\projects\small_scale_assignment\small_scale_assignment\</FILEPATH>
        <FILENAME>readmatrixcsr.cpp</FILENAME>
        <LINE>44</LINE>
        <COLUMN>13</COLUMN>
      </SFA>
      <SFA>
        <FILEPATH>c:\users\domowy\documents\visual studio 2015\projects\small_scale_assignment\small_scale_assignment\</FILEPATH>
        <FILENAME>readmatrixcsr.cpp</FILENAME>
        <LINE>53</LINE>
        <COLUMN>8</COLUMN>
      </SFA>
      <SFA>
        <FILEPATH>c:\users\domowy\documents\visual studio 2015\projects\small_scale_assignment\small_scale_assignment\</FILEPATH>
        <FILENAME>readmatrixcsr.cpp</FILENAME>
        <LINE>53</LINE>
        <COLUMN>14</COLUMN>
        <KEYEVENT>
          <ID>5</ID>
          <KIND>branch</KIND>
          <IMPORTANCE>Full</IMPORTANCE>
          <MESSAGE>Enter this loop, (assume 'i&lt;nz')</MESSAGE>
        </KEYEVENT>
      </SFA>
      <SFA>
        <FILEPATH>c:\users\domowy\documents\visual studio 2015\projects\small_scale_assignment\small_scale_assignment\</FILEPATH>
        <FILENAME>readmatrixcsr.cpp</FILENAME>
        <LINE>55</LINE>
        <COLUMN>8</COLUMN>
        <KEYEVENT>
          <ID>6</ID>
          <KIND>declaration</KIND>
          <IMPORTANCE>Full</IMPORTANCE>
          <MESSAGE>'i' is an Output from 'fscanf' (declared at c:\program files (x86)\windows kits\10\include\10.0.10240.0\ucrt\stdio.h:1193)</MESSAGE>
        </KEYEVENT>
      </SFA>
      <SFA>
        <FILEPATH>c:\users\domowy\documents\visual studio 2015\projects\small_scale_assignment\small_scale_assignment\</FILEPATH>
        <FILENAME>readmatrixcsr.cpp</FILENAME>
        <LINE>56</LINE>
        <COLUMN>6</COLUMN>
      </SFA>
      <SFA>
        <FILEPATH>c:\users\domowy\documents\visual studio 2015\projects\small_scale_assignment\small_scale_assignment\</FILEPATH>
        <FILENAME>readmatrixcsr.cpp</FILENAME>
        <LINE>57</LINE>
        <COLUMN>6</COLUMN>
      </SFA>
      <SFA>
        <FILEPATH>c:\users\domowy\documents\visual studio 2015\projects\small_scale_assignment\small_scale_assignment\</FILEPATH>
        <FILENAME>readmatrixcsr.cpp</FILENAME>
        <LINE>53</LINE>
        <COLUMN>20</COLUMN>
      </SFA>
      <SFA>
        <FILEPATH>c:\users\domowy\documents\visual studio 2015\projects\small_scale_assignment\small_scale_assignment\</FILEPATH>
        <FILENAME>readmatrixcsr.cpp</FILENAME>
        <LINE>53</LINE>
        <COLUMN>14</COLUMN>
        <KEYEVENT>
          <ID>7</ID>
          <KIND>branch</KIND>
          <IMPORTANCE>Full</IMPORTANCE>
          <MESSAGE>Continue this loop, (assume 'i&lt;nz')</MESSAGE>
        </KEYEVENT>
      </SFA>
      <SFA>
        <FILEPATH>c:\users\domowy\documents\visual studio 2015\projects\small_scale_assignment\small_scale_assignment\</FILEPATH>
        <FILENAME>readmatrixcsr.cpp</FILENAME>
        <LINE>55</LINE>
        <COLUMN>8</COLUMN>
        <KEYEVENT>
          <ID>8</ID>
          <KIND>declaration</KIND>
          <IMPORTANCE>Full</IMPORTANCE>
          <MESSAGE>'i' is an Output from 'fscanf' (declared at c:\program files (x86)\windows kits\10\include\10.0.10240.0\ucrt\stdio.h:1193)</MESSAGE>
        </KEYEVENT>
      </SFA>
      <SFA>
        <FILEPATH>c:\users\domowy\documents\visual studio 2015\projects\small_scale_assignment\small_scale_assignment\</FILEPATH>
        <FILENAME>readmatrixcsr.cpp</FILENAME>
        <LINE>56</LINE>
        <COLUMN>6</COLUMN>
      </SFA>
      <SFA>
        <FILEPATH>c:\users\domowy\documents\visual studio 2015\projects\small_scale_assignment\small_scale_assignment\</FILEPATH>
        <FILENAME>readmatrixcsr.cpp</FILENAME>
        <LINE>57</LINE>
        <COLUMN>6</COLUMN>
        <KEYEVENT>
          <ID>9</ID>
          <KIND>usage</KIND>
          <IMPORTANCE>Essential</IMPORTANCE>
          <MESSAGE>Invalid read from 'J', (outside its readable range)</MESSAGE>
        </KEYEVENT>
      </SFA>
    </PATH>
  </DEFECT>
</DEFECTS>