<?xml version="1.0" encoding="UTF-8"?>
<DEFECTS>
  <DEFECT>
    <SFA>
      <FILEPATH>c:\users\domowy\documents\visual studio 2015\projects\small_scale_assignment\small_scale_assignment\</FILEPATH>
      <FILENAME>readmatrixell.cpp</FILENAME>
      <LINE>62</LINE>
      <COLUMN>8</COLUMN>
    </SFA>
    <DEFECTCODE>6031</DEFECTCODE>
    <DESCRIPTION>Return value ignored: 'fscanf'.</DESCRIPTION>
    <FUNCTION>ReadMatrixELL::{ctor}</FUNCTION>
    <DECORATED>??0ReadMatrixELL@@QEAA@V?$basic_string@DU?$char_traits@D@std@@V?$allocator@D@2@@std@@@Z</DECORATED>
    <FUNCLINE>6</FUNCLINE>
    <PATH></PATH>
  </DEFECT>
  <DEFECT>
    <SFA>
      <FILEPATH>c:\users\domowy\documents\visual studio 2015\projects\small_scale_assignment\small_scale_assignment\</FILEPATH>
      <FILENAME>readmatrixell.cpp</FILENAME>
      <LINE>77</LINE>
      <COLUMN>19</COLUMN>
    </SFA>
    <DEFECTCODE>6385</DEFECTCODE>
    <DESCRIPTION>Reading invalid data from 'matrixValue':  the readable size is 'nz*sizeof(double)' bytes, but '16' bytes may be read.</DESCRIPTION>
    <FUNCTION>ReadMatrixELL::{ctor}</FUNCTION>
    <DECORATED>??0ReadMatrixELL@@QEAA@V?$basic_string@DU?$char_traits@D@std@@V?$allocator@D@2@@std@@@Z</DECORATED>
    <FUNCLINE>6</FUNCLINE>
    <PROBABILITY>1</PROBABILITY>
    <RANK>4</RANK>
    <CATEGORY>
      <RULECATEGORY>mspft</RULECATEGORY>
    </CATEGORY>
    <PATH>
      <SFA>
        <FILEPATH>c:\users\domowy\documents\visual studio 2015\projects\small_scale_assignment\small_scale_assignment\</FILEPATH>
        <FILENAME>readmatrixell.cpp</FILENAME>
        <LINE>7</LINE>
        <COLUMN>0</COLUMN>
      </SFA>
      <SFA>
        <FILEPATH>c:\users\domowy\documents\visual studio 2015\projects\small_scale_assignment\small_scale_assignment\</FILEPATH>
        <FILENAME>readmatrixell.cpp</FILENAME>
        <LINE>8</LINE>
        <COLUMN>13</COLUMN>
      </SFA>
      <SFA>
        <FILEPATH>c:\users\domowy\documents\visual studio 2015\projects\small_scale_assignment\small_scale_assignment\</FILEPATH>
        <FILENAME>readmatrixell.cpp</FILENAME>
        <LINE>9</LINE>
        <COLUMN>7</COLUMN>
      </SFA>
      <SFA>
        <FILEPATH>c:\users\domowy\documents\visual studio 2015\projects\small_scale_assignment\small_scale_assignment\</FILEPATH>
        <FILENAME>readmatrixell.cpp</FILENAME>
        <LINE>10</LINE>
        <COLUMN>7</COLUMN>
      </SFA>
      <SFA>
        <FILEPATH>c:\users\domowy\documents\visual studio 2015\projects\small_scale_assignment\small_scale_assignment\</FILEPATH>
        <FILENAME>readmatrixell.cpp</FILENAME>
        <LINE>10</LINE>
        <COLUMN>11</COLUMN>
      </SFA>
      <SFA>
        <FILEPATH>c:\users\domowy\documents\visual studio 2015\projects\small_scale_assignment\small_scale_assignment\</FILEPATH>
        <FILENAME>readmatrixell.cpp</FILENAME>
        <LINE>11</LINE>
        <COLUMN>5</COLUMN>
      </SFA>
      <SFA>
        <FILEPATH>c:\users\domowy\documents\visual studio 2015\projects\small_scale_assignment\small_scale_assignment\</FILEPATH>
        <FILENAME>readmatrixell.cpp</FILENAME>
        <LINE>12</LINE>
        <COLUMN>9</COLUMN>
      </SFA>
      <SFA>
        <FILEPATH>c:\users\domowy\documents\visual studio 2015\projects\small_scale_assignment\small_scale_assignment\</FILEPATH>
        <FILENAME>readmatrixell.cpp</FILENAME>
        <LINE>13</LINE>
        <COLUMN>18</COLUMN>
      </SFA>
      <SFA>
        <FILEPATH>c:\users\domowy\documents\visual studio 2015\projects\small_scale_assignment\small_scale_assignment\</FILEPATH>
        <FILENAME>readmatrixell.cpp</FILENAME>
        <LINE>14</LINE>
        <COLUMN>44</COLUMN>
      </SFA>
      <SFA>
        <FILEPATH>c:\users\domowy\documents\visual studio 2015\projects\small_scale_assignment\small_scale_assignment\</FILEPATH>
        <FILENAME>readmatrixell.cpp</FILENAME>
        <LINE>16</LINE>
        <COLUMN>42</COLUMN>
      </SFA>
      <SFA>
        <FILEPATH>c:\users\domowy\documents\visual studio 2015\projects\small_scale_assignment\small_scale_assignment\</FILEPATH>
        <FILENAME>readmatrixell.cpp</FILENAME>
        <LINE>23</LINE>
        <COLUMN>33</COLUMN>
      </SFA>
      <SFA>
        <FILEPATH>c:\users\domowy\documents\visual studio 2015\projects\small_scale_assignment\small_scale_assignment\</FILEPATH>
        <FILENAME>readmatrixell.cpp</FILENAME>
        <LINE>33</LINE>
        <COLUMN>53</COLUMN>
      </SFA>
      <SFA>
        <FILEPATH>c:\users\domowy\documents\visual studio 2015\projects\small_scale_assignment\small_scale_assignment\</FILEPATH>
        <FILENAME>readmatrixell.cpp</FILENAME>
        <LINE>43</LINE>
        <COLUMN>55</COLUMN>
      </SFA>
      <SFA>
        <FILEPATH>c:\users\domowy\documents\visual studio 2015\projects\small_scale_assignment\small_scale_assignment\</FILEPATH>
        <FILENAME>readmatrixell.cpp</FILENAME>
        <LINE>49</LINE>
        <COLUMN>3</COLUMN>
      </SFA>
      <SFA>
        <FILEPATH>c:\users\domowy\documents\visual studio 2015\projects\small_scale_assignment\small_scale_assignment\</FILEPATH>
        <FILENAME>readmatrixell.cpp</FILENAME>
        <LINE>50</LINE>
        <COLUMN>3</COLUMN>
      </SFA>
      <SFA>
        <FILEPATH>c:\users\domowy\documents\visual studio 2015\projects\small_scale_assignment\small_scale_assignment\</FILEPATH>
        <FILENAME>readmatrixell.cpp</FILENAME>
        <LINE>51</LINE>
        <COLUMN>13</COLUMN>
        <KEYEVENT>
          <ID>1</ID>
          <KIND>declaration</KIND>
          <IMPORTANCE>Essential</IMPORTANCE>
          <MESSAGE>'matrixValue' is a 0 byte array</MESSAGE>
        </KEYEVENT>
      </SFA>
      <SFA>
        <FILEPATH>c:\users\domowy\documents\visual studio 2015\projects\small_scale_assignment\small_scale_assignment\</FILEPATH>
        <FILENAME>readmatrixell.cpp</FILENAME>
        <LINE>60</LINE>
        <COLUMN>10</COLUMN>
      </SFA>
      <SFA>
        <FILEPATH>c:\users\domowy\documents\visual studio 2015\projects\small_scale_assignment\small_scale_assignment\</FILEPATH>
        <FILENAME>readmatrixell.cpp</FILENAME>
        <LINE>60</LINE>
        <COLUMN>18</COLUMN>
      </SFA>
      <SFA>
        <FILEPATH>c:\users\domowy\documents\visual studio 2015\projects\small_scale_assignment\small_scale_assignment\</FILEPATH>
        <FILENAME>readmatrixell.cpp</FILENAME>
        <LINE>62</LINE>
        <COLUMN>8</COLUMN>
      </SFA>
      <SFA>
        <FILEPATH>c:\users\domowy\documents\visual studio 2015\projects\small_scale_assignment\small_scale_assignment\</FILEPATH>
        <FILENAME>readmatrixell.cpp</FILENAME>
        <LINE>63</LINE>
        <COLUMN>6</COLUMN>
      </SFA>
      <SFA>
        <FILEPATH>c:\users\domowy\documents\visual studio 2015\projects\small_scale_assignment\small_scale_assignment\</FILEPATH>
        <FILENAME>readmatrixell.cpp</FILENAME>
        <LINE>64</LINE>
        <COLUMN>6</COLUMN>
      </SFA>
      <SFA>
        <FILEPATH>c:\users\domowy\documents\visual studio 2015\projects\small_scale_assignment\small_scale_assignment\</FILEPATH>
        <FILENAME>readmatrixell.cpp</FILENAME>
        <LINE>60</LINE>
        <COLUMN>24</COLUMN>
      </SFA>
      <SFA>
        <FILEPATH>c:\users\domowy\documents\visual studio 2015\projects\small_scale_assignment\small_scale_assignment\</FILEPATH>
        <FILENAME>readmatrixell.cpp</FILENAME>
        <LINE>60</LINE>
        <COLUMN>18</COLUMN>
      </SFA>
      <SFA>
        <FILEPATH>c:\users\domowy\documents\visual studio 2015\projects\small_scale_assignment\small_scale_assignment\</FILEPATH>
        <FILENAME>readmatrixell.cpp</FILENAME>
        <LINE>62</LINE>
        <COLUMN>8</COLUMN>
      </SFA>
      <SFA>
        <FILEPATH>c:\users\domowy\documents\visual studio 2015\projects\small_scale_assignment\small_scale_assignment\</FILEPATH>
        <FILENAME>readmatrixell.cpp</FILENAME>
        <LINE>63</LINE>
        <COLUMN>6</COLUMN>
      </SFA>
      <SFA>
        <FILEPATH>c:\users\domowy\documents\visual studio 2015\projects\small_scale_assignment\small_scale_assignment\</FILEPATH>
        <FILENAME>readmatrixell.cpp</FILENAME>
        <LINE>64</LINE>
        <COLUMN>6</COLUMN>
      </SFA>
      <SFA>
        <FILEPATH>c:\users\domowy\documents\visual studio 2015\projects\small_scale_assignment\small_scale_assignment\</FILEPATH>
        <FILENAME>readmatrixell.cpp</FILENAME>
        <LINE>60</LINE>
        <COLUMN>24</COLUMN>
      </SFA>
      <SFA>
        <FILEPATH>c:\users\domowy\documents\visual studio 2015\projects\small_scale_assignment\small_scale_assignment\</FILEPATH>
        <FILENAME>readmatrixell.cpp</FILENAME>
        <LINE>60</LINE>
        <COLUMN>18</COLUMN>
      </SFA>
      <SFA>
        <FILEPATH>c:\users\domowy\documents\visual studio 2015\projects\small_scale_assignment\small_scale_assignment\</FILEPATH>
        <FILENAME>readmatrixell.cpp</FILENAME>
        <LINE>67</LINE>
        <COLUMN>7</COLUMN>
      </SFA>
      <SFA>
        <FILEPATH>c:\users\domowy\documents\visual studio 2015\projects\small_scale_assignment\small_scale_assignment\</FILEPATH>
        <FILENAME>readmatrixell.cpp</FILENAME>
        <LINE>71</LINE>
        <COLUMN>15</COLUMN>
      </SFA>
      <SFA>
        <FILEPATH>c:\users\domowy\documents\visual studio 2015\projects\small_scale_assignment\small_scale_assignment\</FILEPATH>
        <FILENAME>readmatrixell.cpp</FILENAME>
        <LINE>75</LINE>
        <COLUMN>10</COLUMN>
      </SFA>
      <SFA>
        <FILEPATH>c:\users\domowy\documents\visual studio 2015\projects\small_scale_assignment\small_scale_assignment\</FILEPATH>
        <FILENAME>readmatrixell.cpp</FILENAME>
        <LINE>75</LINE>
        <COLUMN>19</COLUMN>
        <KEYEVENT>
          <ID>2</ID>
          <KIND>branch</KIND>
          <IMPORTANCE>Full</IMPORTANCE>
          <MESSAGE>Enter this loop, (assume 'i&lt;nz')</MESSAGE>
        </KEYEVENT>
      </SFA>
      <SFA>
        <FILEPATH>c:\users\domowy\documents\visual studio 2015\projects\small_scale_assignment\small_scale_assignment\</FILEPATH>
        <FILENAME>readmatrixell.cpp</FILENAME>
        <LINE>77</LINE>
        <COLUMN>19</COLUMN>
      </SFA>
      <SFA>
        <FILEPATH>c:\users\domowy\documents\visual studio 2015\projects\small_scale_assignment\small_scale_assignment\</FILEPATH>
        <FILENAME>readmatrixell.cpp</FILENAME>
        <LINE>75</LINE>
        <COLUMN>25</COLUMN>
        <KEYEVENT>
          <ID>3</ID>
          <KIND>declaration</KIND>
          <IMPORTANCE>Essential</IMPORTANCE>
          <MESSAGE>'i' may equal 1</MESSAGE>
        </KEYEVENT>
      </SFA>
      <SFA>
        <FILEPATH>c:\users\domowy\documents\visual studio 2015\projects\small_scale_assignment\small_scale_assignment\</FILEPATH>
        <FILENAME>readmatrixell.cpp</FILENAME>
        <LINE>75</LINE>
        <COLUMN>19</COLUMN>
        <KEYEVENT>
          <ID>4</ID>
          <KIND>branch</KIND>
          <IMPORTANCE>Full</IMPORTANCE>
          <MESSAGE>Continue this loop, (assume 'i&lt;nz')</MESSAGE>
        </KEYEVENT>
      </SFA>
      <SFA>
        <FILEPATH>c:\users\domowy\documents\visual studio 2015\projects\small_scale_assignment\small_scale_assignment\</FILEPATH>
        <FILENAME>readmatrixell.cpp</FILENAME>
        <LINE>77</LINE>
        <COLUMN>19</COLUMN>
        <KEYEVENT>
          <ID>5</ID>
          <KIND>declaration</KIND>
          <IMPORTANCE>Full</IMPORTANCE>
          <MESSAGE>'i' is an In/Out argument to 'std::make_tuple' (declared at c:\program files (x86)\microsoft visual studio 14.0\vc\include\tuple:965)</MESSAGE>
        </KEYEVENT>
      </SFA>
      <SFA>
        <FILEPATH>c:\users\domowy\documents\visual studio 2015\projects\small_scale_assignment\small_scale_assignment\</FILEPATH>
        <FILENAME>readmatrixell.cpp</FILENAME>
        <LINE>77</LINE>
        <COLUMN>19</COLUMN>
        <KEYEVENT>
          <ID>6</ID>
          <KIND>usage</KIND>
          <IMPORTANCE>Essential</IMPORTANCE>
          <MESSAGE>Invalid read from 'matrixValue', (outside its readable range)</MESSAGE>
        </KEYEVENT>
      </SFA>
    </PATH>
  </DEFECT>
  <DEFECT>
    <SFA>
      <FILEPATH>c:\users\domowy\documents\visual studio 2015\projects\small_scale_assignment\small_scale_assignment\</FILEPATH>
      <FILENAME>readmatrixell.cpp</FILENAME>
      <LINE>64</LINE>
      <COLUMN>6</COLUMN>
    </SFA>
    <DEFECTCODE>6385</DEFECTCODE>
    <DESCRIPTION>Reading invalid data from 'J':  the readable size is 'nz*sizeof(int)' bytes, but '8' bytes may be read.</DESCRIPTION>
    <FUNCTION>ReadMatrixELL::{ctor}</FUNCTION>
    <DECORATED>??0ReadMatrixELL@@QEAA@V?$basic_string@DU?$char_traits@D@std@@V?$allocator@D@2@@std@@@Z</DECORATED>
    <FUNCLINE>6</FUNCLINE>
    <PROBABILITY>1</PROBABILITY>
    <RANK>4</RANK>
    <CATEGORY>
      <RULECATEGORY>mspft</RULECATEGORY>
    </CATEGORY>
    <PATH>
      <SFA>
        <FILEPATH>c:\users\domowy\documents\visual studio 2015\projects\small_scale_assignment\small_scale_assignment\</FILEPATH>
        <FILENAME>readmatrixell.cpp</FILENAME>
        <LINE>7</LINE>
        <COLUMN>0</COLUMN>
      </SFA>
      <SFA>
        <FILEPATH>c:\users\domowy\documents\visual studio 2015\projects\small_scale_assignment\small_scale_assignment\</FILEPATH>
        <FILENAME>readmatrixell.cpp</FILENAME>
        <LINE>8</LINE>
        <COLUMN>13</COLUMN>
      </SFA>
      <SFA>
        <FILEPATH>c:\users\domowy\documents\visual studio 2015\projects\small_scale_assignment\small_scale_assignment\</FILEPATH>
        <FILENAME>readmatrixell.cpp</FILENAME>
        <LINE>9</LINE>
        <COLUMN>7</COLUMN>
      </SFA>
      <SFA>
        <FILEPATH>c:\users\domowy\documents\visual studio 2015\projects\small_scale_assignment\small_scale_assignment\</FILEPATH>
        <FILENAME>readmatrixell.cpp</FILENAME>
        <LINE>10</LINE>
        <COLUMN>7</COLUMN>
      </SFA>
      <SFA>
        <FILEPATH>c:\users\domowy\documents\visual studio 2015\projects\small_scale_assignment\small_scale_assignment\</FILEPATH>
        <FILENAME>readmatrixell.cpp</FILENAME>
        <LINE>10</LINE>
        <COLUMN>11</COLUMN>
      </SFA>
      <SFA>
        <FILEPATH>c:\users\domowy\documents\visual studio 2015\projects\small_scale_assignment\small_scale_assignment\</FILEPATH>
        <FILENAME>readmatrixell.cpp</FILENAME>
        <LINE>11</LINE>
        <COLUMN>5</COLUMN>
      </SFA>
      <SFA>
        <FILEPATH>c:\users\domowy\documents\visual studio 2015\projects\small_scale_assignment\small_scale_assignment\</FILEPATH>
        <FILENAME>readmatrixell.cpp</FILENAME>
        <LINE>12</LINE>
        <COLUMN>9</COLUMN>
      </SFA>
      <SFA>
        <FILEPATH>c:\users\domowy\documents\visual studio 2015\projects\small_scale_assignment\small_scale_assignment\</FILEPATH>
        <FILENAME>readmatrixell.cpp</FILENAME>
        <LINE>13</LINE>
        <COLUMN>18</COLUMN>
      </SFA>
      <SFA>
        <FILEPATH>c:\users\domowy\documents\visual studio 2015\projects\small_scale_assignment\small_scale_assignment\</FILEPATH>
        <FILENAME>readmatrixell.cpp</FILENAME>
        <LINE>14</LINE>
        <COLUMN>44</COLUMN>
      </SFA>
      <SFA>
        <FILEPATH>c:\users\domowy\documents\visual studio 2015\projects\small_scale_assignment\small_scale_assignment\</FILEPATH>
        <FILENAME>readmatrixell.cpp</FILENAME>
        <LINE>16</LINE>
        <COLUMN>42</COLUMN>
      </SFA>
      <SFA>
        <FILEPATH>c:\users\domowy\documents\visual studio 2015\projects\small_scale_assignment\small_scale_assignment\</FILEPATH>
        <FILENAME>readmatrixell.cpp</FILENAME>
        <LINE>23</LINE>
        <COLUMN>33</COLUMN>
      </SFA>
      <SFA>
        <FILEPATH>c:\users\domowy\documents\visual studio 2015\projects\small_scale_assignment\small_scale_assignment\</FILEPATH>
        <FILENAME>readmatrixell.cpp</FILENAME>
        <LINE>33</LINE>
        <COLUMN>53</COLUMN>
      </SFA>
      <SFA>
        <FILEPATH>c:\users\domowy\documents\visual studio 2015\projects\small_scale_assignment\small_scale_assignment\</FILEPATH>
        <FILENAME>readmatrixell.cpp</FILENAME>
        <LINE>43</LINE>
        <COLUMN>55</COLUMN>
      </SFA>
      <SFA>
        <FILEPATH>c:\users\domowy\documents\visual studio 2015\projects\small_scale_assignment\small_scale_assignment\</FILEPATH>
        <FILENAME>readmatrixell.cpp</FILENAME>
        <LINE>49</LINE>
        <COLUMN>3</COLUMN>
      </SFA>
      <SFA>
        <FILEPATH>c:\users\domowy\documents\visual studio 2015\projects\small_scale_assignment\small_scale_assignment\</FILEPATH>
        <FILENAME>readmatrixell.cpp</FILENAME>
        <LINE>50</LINE>
        <COLUMN>3</COLUMN>
        <KEYEVENT>
          <ID>1</ID>
          <KIND>declaration</KIND>
          <IMPORTANCE>Essential</IMPORTANCE>
          <MESSAGE>'J' is a 0 byte array</MESSAGE>
        </KEYEVENT>
      </SFA>
      <SFA>
        <FILEPATH>c:\users\domowy\documents\visual studio 2015\projects\small_scale_assignment\small_scale_assignment\</FILEPATH>
        <FILENAME>readmatrixell.cpp</FILENAME>
        <LINE>51</LINE>
        <COLUMN>13</COLUMN>
      </SFA>
      <SFA>
        <FILEPATH>c:\users\domowy\documents\visual studio 2015\projects\small_scale_assignment\small_scale_assignment\</FILEPATH>
        <FILENAME>readmatrixell.cpp</FILENAME>
        <LINE>60</LINE>
        <COLUMN>10</COLUMN>
      </SFA>
      <SFA>
        <FILEPATH>c:\users\domowy\documents\visual studio 2015\projects\small_scale_assignment\small_scale_assignment\</FILEPATH>
        <FILENAME>readmatrixell.cpp</FILENAME>
        <LINE>60</LINE>
        <COLUMN>18</COLUMN>
        <KEYEVENT>
          <ID>2</ID>
          <KIND>branch</KIND>
          <IMPORTANCE>Full</IMPORTANCE>
          <MESSAGE>Enter this loop, (assume 'i&lt;nz')</MESSAGE>
        </KEYEVENT>
      </SFA>
      <SFA>
        <FILEPATH>c:\users\domowy\documents\visual studio 2015\projects\small_scale_assignment\small_scale_assignment\</FILEPATH>
        <FILENAME>readmatrixell.cpp</FILENAME>
        <LINE>62</LINE>
        <COLUMN>8</COLUMN>
      </SFA>
      <SFA>
        <FILEPATH>c:\users\domowy\documents\visual studio 2015\projects\small_scale_assignment\small_scale_assignment\</FILEPATH>
        <FILENAME>readmatrixell.cpp</FILENAME>
        <LINE>63</LINE>
        <COLUMN>6</COLUMN>
      </SFA>
      <SFA>
        <FILEPATH>c:\users\domowy\documents\visual studio 2015\projects\small_scale_assignment\small_scale_assignment\</FILEPATH>
        <FILENAME>readmatrixell.cpp</FILENAME>
        <LINE>64</LINE>
        <COLUMN>6</COLUMN>
      </SFA>
      <SFA>
        <FILEPATH>c:\users\domowy\documents\visual studio 2015\projects\small_scale_assignment\small_scale_assignment\</FILEPATH>
        <FILENAME>readmatrixell.cpp</FILENAME>
        <LINE>60</LINE>
        <COLUMN>24</COLUMN>
        <KEYEVENT>
          <ID>3</ID>
          <KIND>declaration</KIND>
          <IMPORTANCE>Essential</IMPORTANCE>
          <MESSAGE>'i' may equal 1</MESSAGE>
        </KEYEVENT>
      </SFA>
      <SFA>
        <FILEPATH>c:\users\domowy\documents\visual studio 2015\projects\small_scale_assignment\small_scale_assignment\</FILEPATH>
        <FILENAME>readmatrixell.cpp</FILENAME>
        <LINE>60</LINE>
        <COLUMN>18</COLUMN>
        <KEYEVENT>
          <ID>4</ID>
          <KIND>branch</KIND>
          <IMPORTANCE>Full</IMPORTANCE>
          <MESSAGE>Continue this loop, (assume 'i&lt;nz')</MESSAGE>
        </KEYEVENT>
      </SFA>
      <SFA>
        <FILEPATH>c:\users\domowy\documents\visual studio 2015\projects\small_scale_assignment\small_scale_assignment\</FILEPATH>
        <FILENAME>readmatrixell.cpp</FILENAME>
        <LINE>62</LINE>
        <COLUMN>8</COLUMN>
        <KEYEVENT>
          <ID>5</ID>
          <KIND>declaration</KIND>
          <IMPORTANCE>Full</IMPORTANCE>
          <MESSAGE>'i' is an Output from 'fscanf' (declared at c:\program files (x86)\windows kits\10\include\10.0.10240.0\ucrt\stdio.h:1193)</MESSAGE>
        </KEYEVENT>
      </SFA>
      <SFA>
        <FILEPATH>c:\users\domowy\documents\visual studio 2015\projects\small_scale_assignment\small_scale_assignment\</FILEPATH>
        <FILENAME>readmatrixell.cpp</FILENAME>
        <LINE>63</LINE>
        <COLUMN>6</COLUMN>
      </SFA>
      <SFA>
        <FILEPATH>c:\users\domowy\documents\visual studio 2015\projects\small_scale_assignment\small_scale_assignment\</FILEPATH>
        <FILENAME>readmatrixell.cpp</FILENAME>
        <LINE>64</LINE>
        <COLUMN>6</COLUMN>
        <KEYEVENT>
          <ID>6</ID>
          <KIND>usage</KIND>
          <IMPORTANCE>Essential</IMPORTANCE>
          <MESSAGE>Invalid read from 'J', (outside its readable range)</MESSAGE>
        </KEYEVENT>
      </SFA>
    </PATH>
  </DEFECT>
  <DEFECT>
    <SFA>
      <FILEPATH>c:\users\domowy\documents\visual studio 2015\projects\small_scale_assignment\small_scale_assignment\</FILEPATH>
      <FILENAME>readmatrixell.cpp</FILENAME>
      <LINE>63</LINE>
      <COLUMN>6</COLUMN>
    </SFA>
    <DEFECTCODE>6385</DEFECTCODE>
    <DESCRIPTION>Reading invalid data from 'I':  the readable size is 'nz*sizeof(int)' bytes, but '8' bytes may be read.</DESCRIPTION>
    <FUNCTION>ReadMatrixELL::{ctor}</FUNCTION>
    <DECORATED>??0ReadMatrixELL@@QEAA@V?$basic_string@DU?$char_traits@D@std@@V?$allocator@D@2@@std@@@Z</DECORATED>
    <FUNCLINE>6</FUNCLINE>
    <PROBABILITY>1</PROBABILITY>
    <RANK>4</RANK>
    <CATEGORY>
      <RULECATEGORY>mspft</RULECATEGORY>
    </CATEGORY>
    <PATH>
      <SFA>
        <FILEPATH>c:\users\domowy\documents\visual studio 2015\projects\small_scale_assignment\small_scale_assignment\</FILEPATH>
        <FILENAME>readmatrixell.cpp</FILENAME>
        <LINE>7</LINE>
        <COLUMN>0</COLUMN>
      </SFA>
      <SFA>
        <FILEPATH>c:\users\domowy\documents\visual studio 2015\projects\small_scale_assignment\small_scale_assignment\</FILEPATH>
        <FILENAME>readmatrixell.cpp</FILENAME>
        <LINE>8</LINE>
        <COLUMN>13</COLUMN>
      </SFA>
      <SFA>
        <FILEPATH>c:\users\domowy\documents\visual studio 2015\projects\small_scale_assignment\small_scale_assignment\</FILEPATH>
        <FILENAME>readmatrixell.cpp</FILENAME>
        <LINE>9</LINE>
        <COLUMN>7</COLUMN>
      </SFA>
      <SFA>
        <FILEPATH>c:\users\domowy\documents\visual studio 2015\projects\small_scale_assignment\small_scale_assignment\</FILEPATH>
        <FILENAME>readmatrixell.cpp</FILENAME>
        <LINE>10</LINE>
        <COLUMN>7</COLUMN>
      </SFA>
      <SFA>
        <FILEPATH>c:\users\domowy\documents\visual studio 2015\projects\small_scale_assignment\small_scale_assignment\</FILEPATH>
        <FILENAME>readmatrixell.cpp</FILENAME>
        <LINE>10</LINE>
        <COLUMN>11</COLUMN>
      </SFA>
      <SFA>
        <FILEPATH>c:\users\domowy\documents\visual studio 2015\projects\small_scale_assignment\small_scale_assignment\</FILEPATH>
        <FILENAME>readmatrixell.cpp</FILENAME>
        <LINE>11</LINE>
        <COLUMN>5</COLUMN>
      </SFA>
      <SFA>
        <FILEPATH>c:\users\domowy\documents\visual studio 2015\projects\small_scale_assignment\small_scale_assignment\</FILEPATH>
        <FILENAME>readmatrixell.cpp</FILENAME>
        <LINE>12</LINE>
        <COLUMN>9</COLUMN>
      </SFA>
      <SFA>
        <FILEPATH>c:\users\domowy\documents\visual studio 2015\projects\small_scale_assignment\small_scale_assignment\</FILEPATH>
        <FILENAME>readmatrixell.cpp</FILENAME>
        <LINE>13</LINE>
        <COLUMN>18</COLUMN>
      </SFA>
      <SFA>
        <FILEPATH>c:\users\domowy\documents\visual studio 2015\projects\small_scale_assignment\small_scale_assignment\</FILEPATH>
        <FILENAME>readmatrixell.cpp</FILENAME>
        <LINE>14</LINE>
        <COLUMN>44</COLUMN>
      </SFA>
      <SFA>
        <FILEPATH>c:\users\domowy\documents\visual studio 2015\projects\small_scale_assignment\small_scale_assignment\</FILEPATH>
        <FILENAME>readmatrixell.cpp</FILENAME>
        <LINE>16</LINE>
        <COLUMN>42</COLUMN>
      </SFA>
      <SFA>
        <FILEPATH>c:\users\domowy\documents\visual studio 2015\projects\small_scale_assignment\small_scale_assignment\</FILEPATH>
        <FILENAME>readmatrixell.cpp</FILENAME>
        <LINE>23</LINE>
        <COLUMN>33</COLUMN>
      </SFA>
      <SFA>
        <FILEPATH>c:\users\domowy\documents\visual studio 2015\projects\small_scale_assignment\small_scale_assignment\</FILEPATH>
        <FILENAME>readmatrixell.cpp</FILENAME>
        <LINE>33</LINE>
        <COLUMN>53</COLUMN>
      </SFA>
      <SFA>
        <FILEPATH>c:\users\domowy\documents\visual studio 2015\projects\small_scale_assignment\small_scale_assignment\</FILEPATH>
        <FILENAME>readmatrixell.cpp</FILENAME>
        <LINE>43</LINE>
        <COLUMN>55</COLUMN>
      </SFA>
      <SFA>
        <FILEPATH>c:\users\domowy\documents\visual studio 2015\projects\small_scale_assignment\small_scale_assignment\</FILEPATH>
        <FILENAME>readmatrixell.cpp</FILENAME>
        <LINE>49</LINE>
        <COLUMN>3</COLUMN>
        <KEYEVENT>
          <ID>1</ID>
          <KIND>declaration</KIND>
          <IMPORTANCE>Essential</IMPORTANCE>
          <MESSAGE>'I' is a 0 byte array</MESSAGE>
        </KEYEVENT>
      </SFA>
      <SFA>
        <FILEPATH>c:\users\domowy\documents\visual studio 2015\projects\small_scale_assignment\small_scale_assignment\</FILEPATH>
        <FILENAME>readmatrixell.cpp</FILENAME>
        <LINE>50</LINE>
        <COLUMN>3</COLUMN>
      </SFA>
      <SFA>
        <FILEPATH>c:\users\domowy\documents\visual studio 2015\projects\small_scale_assignment\small_scale_assignment\</FILEPATH>
        <FILENAME>readmatrixell.cpp</FILENAME>
        <LINE>51</LINE>
        <COLUMN>13</COLUMN>
      </SFA>
      <SFA>
        <FILEPATH>c:\users\domowy\documents\visual studio 2015\projects\small_scale_assignment\small_scale_assignment\</FILEPATH>
        <FILENAME>readmatrixell.cpp</FILENAME>
        <LINE>60</LINE>
        <COLUMN>10</COLUMN>
      </SFA>
      <SFA>
        <FILEPATH>c:\users\domowy\documents\visual studio 2015\projects\small_scale_assignment\small_scale_assignment\</FILEPATH>
        <FILENAME>readmatrixell.cpp</FILENAME>
        <LINE>60</LINE>
        <COLUMN>18</COLUMN>
        <KEYEVENT>
          <ID>2</ID>
          <KIND>branch</KIND>
          <IMPORTANCE>Full</IMPORTANCE>
          <MESSAGE>Enter this loop, (assume 'i&lt;nz')</MESSAGE>
        </KEYEVENT>
      </SFA>
      <SFA>
        <FILEPATH>c:\users\domowy\documents\visual studio 2015\projects\small_scale_assignment\small_scale_assignment\</FILEPATH>
        <FILENAME>readmatrixell.cpp</FILENAME>
        <LINE>62</LINE>
        <COLUMN>8</COLUMN>
      </SFA>
      <SFA>
        <FILEPATH>c:\users\domowy\documents\visual studio 2015\projects\small_scale_assignment\small_scale_assignment\</FILEPATH>
        <FILENAME>readmatrixell.cpp</FILENAME>
        <LINE>63</LINE>
        <COLUMN>6</COLUMN>
      </SFA>
      <SFA>
        <FILEPATH>c:\users\domowy\documents\visual studio 2015\projects\small_scale_assignment\small_scale_assignment\</FILEPATH>
        <FILENAME>readmatrixell.cpp</FILENAME>
        <LINE>64</LINE>
        <COLUMN>6</COLUMN>
      </SFA>
      <SFA>
        <FILEPATH>c:\users\domowy\documents\visual studio 2015\projects\small_scale_assignment\small_scale_assignment\</FILEPATH>
        <FILENAME>readmatrixell.cpp</FILENAME>
        <LINE>60</LINE>
        <COLUMN>24</COLUMN>
        <KEYEVENT>
          <ID>3</ID>
          <KIND>declaration</KIND>
          <IMPORTANCE>Essential</IMPORTANCE>
          <MESSAGE>'i' may equal 1</MESSAGE>
        </KEYEVENT>
      </SFA>
      <SFA>
        <FILEPATH>c:\users\domowy\documents\visual studio 2015\projects\small_scale_assignment\small_scale_assignment\</FILEPATH>
        <FILENAME>readmatrixell.cpp</FILENAME>
        <LINE>60</LINE>
        <COLUMN>18</COLUMN>
        <KEYEVENT>
          <ID>4</ID>
          <KIND>branch</KIND>
          <IMPORTANCE>Full</IMPORTANCE>
          <MESSAGE>Continue this loop, (assume 'i&lt;nz')</MESSAGE>
        </KEYEVENT>
      </SFA>
      <SFA>
        <FILEPATH>c:\users\domowy\documents\visual studio 2015\projects\small_scale_assignment\small_scale_assignment\</FILEPATH>
        <FILENAME>readmatrixell.cpp</FILENAME>
        <LINE>62</LINE>
        <COLUMN>8</COLUMN>
        <KEYEVENT>
          <ID>5</ID>
          <KIND>declaration</KIND>
          <IMPORTANCE>Full</IMPORTANCE>
          <MESSAGE>'i' is an Output from 'fscanf' (declared at c:\program files (x86)\windows kits\10\include\10.0.10240.0\ucrt\stdio.h:1193)</MESSAGE>
        </KEYEVENT>
      </SFA>
      <SFA>
        <FILEPATH>c:\users\domowy\documents\visual studio 2015\projects\small_scale_assignment\small_scale_assignment\</FILEPATH>
        <FILENAME>readmatrixell.cpp</FILENAME>
        <LINE>63</LINE>
        <COLUMN>6</COLUMN>
        <KEYEVENT>
          <ID>6</ID>
          <KIND>usage</KIND>
          <IMPORTANCE>Essential</IMPORTANCE>
          <MESSAGE>Invalid read from 'I', (outside its readable range)</MESSAGE>
        </KEYEVENT>
      </SFA>
    </PATH>
  </DEFECT>
  <DEFECT>
    <SFA>
      <FILEPATH>c:\users\domowy\documents\visual studio 2015\projects\small_scale_assignment\small_scale_assignment\</FILEPATH>
      <FILENAME>readmatrixell.cpp</FILENAME>
      <LINE>62</LINE>
      <COLUMN>8</COLUMN>
    </SFA>
    <DEFECTCODE>6011</DEFECTCODE>
    <DESCRIPTION>Dereferencing NULL pointer 'matrixValue'. </DESCRIPTION>
    <FUNCTION>ReadMatrixELL::{ctor}</FUNCTION>
    <DECORATED>??0ReadMatrixELL@@QEAA@V?$basic_string@DU?$char_traits@D@std@@V?$allocator@D@2@@std@@@Z</DECORATED>
    <FUNCLINE>6</FUNCLINE>
    <PROBABILITY>1</PROBABILITY>
    <RANK>4</RANK>
    <CATEGORY>
      <RULECATEGORY>mspft</RULECATEGORY>
    </CATEGORY>
    <PATH>
      <SFA>
        <FILEPATH>c:\users\domowy\documents\visual studio 2015\projects\small_scale_assignment\small_scale_assignment\</FILEPATH>
        <FILENAME>readmatrixell.cpp</FILENAME>
        <LINE>7</LINE>
        <COLUMN>0</COLUMN>
      </SFA>
      <SFA>
        <FILEPATH>c:\users\domowy\documents\visual studio 2015\projects\small_scale_assignment\small_scale_assignment\</FILEPATH>
        <FILENAME>readmatrixell.cpp</FILENAME>
        <LINE>8</LINE>
        <COLUMN>13</COLUMN>
      </SFA>
      <SFA>
        <FILEPATH>c:\users\domowy\documents\visual studio 2015\projects\small_scale_assignment\small_scale_assignment\</FILEPATH>
        <FILENAME>readmatrixell.cpp</FILENAME>
        <LINE>9</LINE>
        <COLUMN>7</COLUMN>
      </SFA>
      <SFA>
        <FILEPATH>c:\users\domowy\documents\visual studio 2015\projects\small_scale_assignment\small_scale_assignment\</FILEPATH>
        <FILENAME>readmatrixell.cpp</FILENAME>
        <LINE>10</LINE>
        <COLUMN>7</COLUMN>
      </SFA>
      <SFA>
        <FILEPATH>c:\users\domowy\documents\visual studio 2015\projects\small_scale_assignment\small_scale_assignment\</FILEPATH>
        <FILENAME>readmatrixell.cpp</FILENAME>
        <LINE>10</LINE>
        <COLUMN>11</COLUMN>
      </SFA>
      <SFA>
        <FILEPATH>c:\users\domowy\documents\visual studio 2015\projects\small_scale_assignment\small_scale_assignment\</FILEPATH>
        <FILENAME>readmatrixell.cpp</FILENAME>
        <LINE>11</LINE>
        <COLUMN>5</COLUMN>
      </SFA>
      <SFA>
        <FILEPATH>c:\users\domowy\documents\visual studio 2015\projects\small_scale_assignment\small_scale_assignment\</FILEPATH>
        <FILENAME>readmatrixell.cpp</FILENAME>
        <LINE>12</LINE>
        <COLUMN>9</COLUMN>
      </SFA>
      <SFA>
        <FILEPATH>c:\users\domowy\documents\visual studio 2015\projects\small_scale_assignment\small_scale_assignment\</FILEPATH>
        <FILENAME>readmatrixell.cpp</FILENAME>
        <LINE>13</LINE>
        <COLUMN>18</COLUMN>
      </SFA>
      <SFA>
        <FILEPATH>c:\users\domowy\documents\visual studio 2015\projects\small_scale_assignment\small_scale_assignment\</FILEPATH>
        <FILENAME>readmatrixell.cpp</FILENAME>
        <LINE>14</LINE>
        <COLUMN>44</COLUMN>
      </SFA>
      <SFA>
        <FILEPATH>c:\users\domowy\documents\visual studio 2015\projects\small_scale_assignment\small_scale_assignment\</FILEPATH>
        <FILENAME>readmatrixell.cpp</FILENAME>
        <LINE>16</LINE>
        <COLUMN>42</COLUMN>
      </SFA>
      <SFA>
        <FILEPATH>c:\users\domowy\documents\visual studio 2015\projects\small_scale_assignment\small_scale_assignment\</FILEPATH>
        <FILENAME>readmatrixell.cpp</FILENAME>
        <LINE>23</LINE>
        <COLUMN>33</COLUMN>
      </SFA>
      <SFA>
        <FILEPATH>c:\users\domowy\documents\visual studio 2015\projects\small_scale_assignment\small_scale_assignment\</FILEPATH>
        <FILENAME>readmatrixell.cpp</FILENAME>
        <LINE>33</LINE>
        <COLUMN>53</COLUMN>
      </SFA>
      <SFA>
        <FILEPATH>c:\users\domowy\documents\visual studio 2015\projects\small_scale_assignment\small_scale_assignment\</FILEPATH>
        <FILENAME>readmatrixell.cpp</FILENAME>
        <LINE>43</LINE>
        <COLUMN>55</COLUMN>
      </SFA>
      <SFA>
        <FILEPATH>c:\users\domowy\documents\visual studio 2015\projects\small_scale_assignment\small_scale_assignment\</FILEPATH>
        <FILENAME>readmatrixell.cpp</FILENAME>
        <LINE>49</LINE>
        <COLUMN>3</COLUMN>
      </SFA>
      <SFA>
        <FILEPATH>c:\users\domowy\documents\visual studio 2015\projects\small_scale_assignment\small_scale_assignment\</FILEPATH>
        <FILENAME>readmatrixell.cpp</FILENAME>
        <LINE>50</LINE>
        <COLUMN>3</COLUMN>
      </SFA>
      <SFA>
        <FILEPATH>c:\users\domowy\documents\visual studio 2015\projects\small_scale_assignment\small_scale_assignment\</FILEPATH>
        <FILENAME>readmatrixell.cpp</FILENAME>
        <LINE>51</LINE>
        <COLUMN>13</COLUMN>
        <KEYEVENT>
          <ID>1</ID>
          <KIND>declaration</KIND>
          <IMPORTANCE>Essential</IMPORTANCE>
          <MESSAGE>'matrixValue' may be NULL</MESSAGE>
        </KEYEVENT>
      </SFA>
      <SFA>
        <FILEPATH>c:\users\domowy\documents\visual studio 2015\projects\small_scale_assignment\small_scale_assignment\</FILEPATH>
        <FILENAME>readmatrixell.cpp</FILENAME>
        <LINE>60</LINE>
        <COLUMN>10</COLUMN>
      </SFA>
      <SFA>
        <FILEPATH>c:\users\domowy\documents\visual studio 2015\projects\small_scale_assignment\small_scale_assignment\</FILEPATH>
        <FILENAME>readmatrixell.cpp</FILENAME>
        <LINE>60</LINE>
        <COLUMN>18</COLUMN>
        <KEYEVENT>
          <ID>2</ID>
          <KIND>branch</KIND>
          <IMPORTANCE>Full</IMPORTANCE>
          <MESSAGE>Enter this loop, (assume 'i&lt;nz')</MESSAGE>
        </KEYEVENT>
      </SFA>
      <SFA>
        <FILEPATH>c:\users\domowy\documents\visual studio 2015\projects\small_scale_assignment\small_scale_assignment\</FILEPATH>
        <FILENAME>readmatrixell.cpp</FILENAME>
        <LINE>62</LINE>
        <COLUMN>8</COLUMN>
        <KEYEVENT>
          <ID>3</ID>
          <KIND>usage</KIND>
          <IMPORTANCE>Essential</IMPORTANCE>
          <MESSAGE>'matrixValue' is dereferenced, but may still be NULL</MESSAGE>
        </KEYEVENT>
      </SFA>
    </PATH>
  </DEFECT>
  <DEFECT>
    <SFA>
      <FILEPATH>c:\users\domowy\documents\visual studio 2015\projects\small_scale_assignment\small_scale_assignment\</FILEPATH>
      <FILENAME>readmatrixell.cpp</FILENAME>
      <LINE>62</LINE>
      <COLUMN>8</COLUMN>
    </SFA>
    <DEFECTCODE>6011</DEFECTCODE>
    <DESCRIPTION>Dereferencing NULL pointer 'J'. </DESCRIPTION>
    <FUNCTION>ReadMatrixELL::{ctor}</FUNCTION>
    <DECORATED>??0ReadMatrixELL@@QEAA@V?$basic_string@DU?$char_traits@D@std@@V?$allocator@D@2@@std@@@Z</DECORATED>
    <FUNCLINE>6</FUNCLINE>
    <PROBABILITY>1</PROBABILITY>
    <RANK>4</RANK>
    <CATEGORY>
      <RULECATEGORY>mspft</RULECATEGORY>
    </CATEGORY>
    <PATH>
      <SFA>
        <FILEPATH>c:\users\domowy\documents\visual studio 2015\projects\small_scale_assignment\small_scale_assignment\</FILEPATH>
        <FILENAME>readmatrixell.cpp</FILENAME>
        <LINE>7</LINE>
        <COLUMN>0</COLUMN>
      </SFA>
      <SFA>
        <FILEPATH>c:\users\domowy\documents\visual studio 2015\projects\small_scale_assignment\small_scale_assignment\</FILEPATH>
        <FILENAME>readmatrixell.cpp</FILENAME>
        <LINE>8</LINE>
        <COLUMN>13</COLUMN>
      </SFA>
      <SFA>
        <FILEPATH>c:\users\domowy\documents\visual studio 2015\projects\small_scale_assignment\small_scale_assignment\</FILEPATH>
        <FILENAME>readmatrixell.cpp</FILENAME>
        <LINE>9</LINE>
        <COLUMN>7</COLUMN>
      </SFA>
      <SFA>
        <FILEPATH>c:\users\domowy\documents\visual studio 2015\projects\small_scale_assignment\small_scale_assignment\</FILEPATH>
        <FILENAME>readmatrixell.cpp</FILENAME>
        <LINE>10</LINE>
        <COLUMN>7</COLUMN>
      </SFA>
      <SFA>
        <FILEPATH>c:\users\domowy\documents\visual studio 2015\projects\small_scale_assignment\small_scale_assignment\</FILEPATH>
        <FILENAME>readmatrixell.cpp</FILENAME>
        <LINE>10</LINE>
        <COLUMN>11</COLUMN>
      </SFA>
      <SFA>
        <FILEPATH>c:\users\domowy\documents\visual studio 2015\projects\small_scale_assignment\small_scale_assignment\</FILEPATH>
        <FILENAME>readmatrixell.cpp</FILENAME>
        <LINE>11</LINE>
        <COLUMN>5</COLUMN>
      </SFA>
      <SFA>
        <FILEPATH>c:\users\domowy\documents\visual studio 2015\projects\small_scale_assignment\small_scale_assignment\</FILEPATH>
        <FILENAME>readmatrixell.cpp</FILENAME>
        <LINE>12</LINE>
        <COLUMN>9</COLUMN>
      </SFA>
      <SFA>
        <FILEPATH>c:\users\domowy\documents\visual studio 2015\projects\small_scale_assignment\small_scale_assignment\</FILEPATH>
        <FILENAME>readmatrixell.cpp</FILENAME>
        <LINE>13</LINE>
        <COLUMN>18</COLUMN>
      </SFA>
      <SFA>
        <FILEPATH>c:\users\domowy\documents\visual studio 2015\projects\small_scale_assignment\small_scale_assignment\</FILEPATH>
        <FILENAME>readmatrixell.cpp</FILENAME>
        <LINE>14</LINE>
        <COLUMN>44</COLUMN>
      </SFA>
      <SFA>
        <FILEPATH>c:\users\domowy\documents\visual studio 2015\projects\small_scale_assignment\small_scale_assignment\</FILEPATH>
        <FILENAME>readmatrixell.cpp</FILENAME>
        <LINE>16</LINE>
        <COLUMN>42</COLUMN>
      </SFA>
      <SFA>
        <FILEPATH>c:\users\domowy\documents\visual studio 2015\projects\small_scale_assignment\small_scale_assignment\</FILEPATH>
        <FILENAME>readmatrixell.cpp</FILENAME>
        <LINE>23</LINE>
        <COLUMN>33</COLUMN>
      </SFA>
      <SFA>
        <FILEPATH>c:\users\domowy\documents\visual studio 2015\projects\small_scale_assignment\small_scale_assignment\</FILEPATH>
        <FILENAME>readmatrixell.cpp</FILENAME>
        <LINE>33</LINE>
        <COLUMN>53</COLUMN>
      </SFA>
      <SFA>
        <FILEPATH>c:\users\domowy\documents\visual studio 2015\projects\small_scale_assignment\small_scale_assignment\</FILEPATH>
        <FILENAME>readmatrixell.cpp</FILENAME>
        <LINE>43</LINE>
        <COLUMN>55</COLUMN>
      </SFA>
      <SFA>
        <FILEPATH>c:\users\domowy\documents\visual studio 2015\projects\small_scale_assignment\small_scale_assignment\</FILEPATH>
        <FILENAME>readmatrixell.cpp</FILENAME>
        <LINE>49</LINE>
        <COLUMN>3</COLUMN>
      </SFA>
      <SFA>
        <FILEPATH>c:\users\domowy\documents\visual studio 2015\projects\small_scale_assignment\small_scale_assignment\</FILEPATH>
        <FILENAME>readmatrixell.cpp</FILENAME>
        <LINE>50</LINE>
        <COLUMN>3</COLUMN>
        <KEYEVENT>
          <ID>1</ID>
          <KIND>declaration</KIND>
          <IMPORTANCE>Essential</IMPORTANCE>
          <MESSAGE>'J' may be NULL</MESSAGE>
        </KEYEVENT>
      </SFA>
      <SFA>
        <FILEPATH>c:\users\domowy\documents\visual studio 2015\projects\small_scale_assignment\small_scale_assignment\</FILEPATH>
        <FILENAME>readmatrixell.cpp</FILENAME>
        <LINE>51</LINE>
        <COLUMN>13</COLUMN>
      </SFA>
      <SFA>
        <FILEPATH>c:\users\domowy\documents\visual studio 2015\projects\small_scale_assignment\small_scale_assignment\</FILEPATH>
        <FILENAME>readmatrixell.cpp</FILENAME>
        <LINE>60</LINE>
        <COLUMN>10</COLUMN>
      </SFA>
      <SFA>
        <FILEPATH>c:\users\domowy\documents\visual studio 2015\projects\small_scale_assignment\small_scale_assignment\</FILEPATH>
        <FILENAME>readmatrixell.cpp</FILENAME>
        <LINE>60</LINE>
        <COLUMN>18</COLUMN>
        <KEYEVENT>
          <ID>2</ID>
          <KIND>branch</KIND>
          <IMPORTANCE>Full</IMPORTANCE>
          <MESSAGE>Enter this loop, (assume 'i&lt;nz')</MESSAGE>
        </KEYEVENT>
      </SFA>
      <SFA>
        <FILEPATH>c:\users\domowy\documents\visual studio 2015\projects\small_scale_assignment\small_scale_assignment\</FILEPATH>
        <FILENAME>readmatrixell.cpp</FILENAME>
        <LINE>62</LINE>
        <COLUMN>8</COLUMN>
        <KEYEVENT>
          <ID>3</ID>
          <KIND>usage</KIND>
          <IMPORTANCE>Essential</IMPORTANCE>
          <MESSAGE>'J' is dereferenced, but may still be NULL</MESSAGE>
        </KEYEVENT>
      </SFA>
    </PATH>
  </DEFECT>
</DEFECTS>